timestamp,wp_index,goal_x,goal_y,current_x,current_y,current_yaw_rad,distance_error,heading_error_rad,cmd_linear_x,cmd_angular_z
3762.1146,1,0.2020,-2.4710,-0.3669,-1.4261,1.9419,1.1897,-3.0141,0.0000,-0.7535
3762.1148,1,0.2020,-2.4710,-0.3669,-1.4261,1.9419,1.1897,-3.0141,0.0000,-0.7535
3762.1206,1,0.2020,-2.4710,-0.3669,-1.4261,1.9419,1.1897,-3.0141,0.0000,-0.7535
3762.1374,1,0.2020,-2.4710,-0.3669,-1.4261,1.9419,1.1897,-3.0141,0.0000,-0.7535
3762.1541,1,0.2020,-2.4710,-0.3669,-1.4261,1.9419,1.1897,-3.0141,0.0000,-0.7535
3762.1708,1,0.2020,-2.4710,-0.3669,-1.4261,1.9419,1.1897,-3.0141,0.0000,-0.7535
3762.1875,1,0.2020,-2.4710,-0.3669,-1.4261,1.9419,1.1897,-3.0141,0.0000,-0.7535
3762.2041,1,0.2020,-2.4710,-0.3669,-1.4261,1.9419,1.1897,-3.0141,0.0000,-0.7535
3762.2208,1,0.2020,-2.4710,-0.3669,-1.4261,1.9419,1.1897,-3.0141,0.0000,-0.7535
3762.2374,1,0.2020,-2.4710,-0.3669,-1.4261,1.9419,1.1897,-3.0141,0.0000,-0.7535
3762.2541,1,0.2020,-2.4710,-0.3669,-1.4261,1.9419,1.1897,-3.0141,0.0000,-0.7535
3762.2708,1,0.2020,-2.4710,-0.3669,-1.4261,1.9419,1.1897,-3.0141,0.0000,-0.7535
3762.2874,1,0.2020,-2.4710,-0.3669,-1.4261,1.9419,1.1897,-3.0141,0.0000,-0.7535
3762.3040,1,0.2020,-2.4710,-0.3669,-1.4261,1.9419,1.1897,-3.0141,0.0000,-0.7535
3762.3207,1,0.2020,-2.4710,-0.3669,-1.4261,1.9419,1.1897,-3.0141,0.0000,-0.7535
3762.3374,1,0.2020,-2.4710,-0.3669,-1.4261,1.9419,1.1897,-3.0141,0.0000,-0.7535
3762.3541,1,0.2020,-2.4710,-0.3669,-1.4261,1.9419,1.1897,-3.0141,0.0000,-0.7535
3762.3708,1,0.2020,-2.4710,-0.3669,-1.4261,1.9419,1.1897,-3.0141,0.0000,-0.7535
3762.3874,1,0.2020,-2.4710,-0.3669,-1.4261,1.9419,1.1897,-3.0141,0.0000,-0.7535
3762.4040,1,0.2020,-2.4710,-0.3669,-1.4261,1.9419,1.1897,-3.0141,0.0000,-0.7535
3762.4207,1,0.2020,-2.4710,-0.3669,-1.4261,1.9419,1.1897,-3.0141,0.0000,-0.7535
3762.4374,1,0.2020,-2.4710,-0.3669,-1.4261,1.9419,1.1897,-3.0141,0.0000,-0.7535
3762.4541,1,0.2020,-2.4710,-0.3669,-1.4261,1.9419,1.1897,-3.0141,0.0000,-0.7535
3762.4708,1,0.2020,-2.4710,-0.3669,-1.4261,1.9419,1.1897,-3.0141,0.0000,-0.7535
3762.4874,1,0.2020,-2.4710,-0.3669,-1.4261,1.9418,1.1897,-3.0140,0.0000,-0.7535
3762.5041,1,0.2020,-2.4710,-0.3671,-1.4262,1.9401,1.1897,-3.0121,0.0000,-0.7530
3762.5208,1,0.2020,-2.4710,-0.3673,-1.4260,1.9370,1.1900,-3.0089,0.0000,-0.7522
3762.5375,1,0.2020,-2.4710,-0.3676,-1.4264,1.9320,1.1898,-3.0036,0.0000,-0.7509
3762.5542,1,0.2020,-2.4710,-0.3679,-1.4264,1.9248,1.1900,-2.9961,0.0000,-0.7490
3762.5708,1,0.2020,-2.4710,-0.3684,-1.4263,1.9156,1.1902,-2.9867,0.0000,-0.7467
3762.5874,1,0.2020,-2.4710,-0.3688,-1.4261,1.9050,1.1906,-2.9758,0.0000,-0.7440
3762.6041,1,0.2020,-2.4710,-0.3692,-1.4262,1.8935,1.1908,-2.9640,0.0000,-0.7410
3762.6208,1,0.2020,-2.4710,-0.3695,-1.4260,1.8817,1.1911,-2.9520,0.0000,-0.7380
3762.6374,1,0.2020,-2.4710,-0.3699,-1.4257,1.8691,1.1915,-2.9393,0.0000,-0.7348
3762.6541,1,0.2020,-2.4710,-0.3700,-1.4255,1.8558,1.1917,-2.9260,0.0000,-0.7315
3762.6708,1,0.2020,-2.4710,-0.3702,-1.4250,1.8423,1.1922,-2.9125,0.0000,-0.7281
3762.6875,1,0.2020,-2.4710,-0.3703,-1.4249,1.8288,1.1924,-2.8990,0.0000,-0.7248
3762.7042,1,0.2020,-2.4710,-0.3702,-1.4243,1.8160,1.1929,-2.8865,0.0000,-0.7216
3762.7209,1,0.2020,-2.4710,-0.3705,-1.4243,1.8023,1.1930,-2.8726,0.0000,-0.7182
3762.7376,1,0.2020,-2.4710,-0.3706,-1.4241,1.7885,1.1932,-2.8587,0.0000,-0.7147
3762.7542,1,0.2020,-2.4710,-0.3707,-1.4237,1.7752,1.1937,-2.8457,0.0000,-0.7114
3762.7708,1,0.2020,-2.4710,-0.3704,-1.4233,1.7626,1.1939,-2.8334,0.0000,-0.7084
3762.7875,1,0.2020,-2.4710,-0.3702,-1.4228,1.7497,1.1942,-2.8209,0.0000,-0.7052
3762.8041,1,0.2020,-2.4710,-0.3700,-1.4225,1.7364,1.1944,-2.8078,0.0000,-0.7019
3762.8208,1,0.2020,-2.4710,-0.3700,-1.4222,1.7229,1.1946,-2.7945,0.0000,-0.6986
3762.8374,1,0.2020,-2.4710,-0.3698,-1.4219,1.7099,1.1948,-2.7817,0.0000,-0.6954
3762.8541,1,0.2020,-2.4710,-0.3697,-1.4219,1.6968,1.1947,-2.7686,0.0000,-0.6922
3762.8708,1,0.2020,-2.4710,-0.3696,-1.4217,1.6846,1.1949,-2.7566,0.0000,-0.6891
3762.8874,1,0.2020,-2.4710,-0.3694,-1.4216,1.6721,1.1948,-2.7443,0.0000,-0.6861
3762.9041,1,0.2020,-2.4710,-0.3694,-1.4218,1.6594,1.1947,-2.7315,0.0000,-0.6829
3762.9208,1,0.2020,-2.4710,-0.3694,-1.4217,1.6476,1.1948,-2.7198,0.0000,-0.6799
3762.9375,1,0.2020,-2.4710,-0.3695,-1.4218,1.6355,1.1947,-2.7075,0.0000,-0.6769
3762.9542,1,0.2020,-2.4710,-0.3696,-1.4219,1.6233,1.1947,-2.6952,0.0000,-0.6738
3762.9708,1,0.2020,-2.4710,-0.3695,-1.4217,1.6111,1.1948,-2.6831,0.0000,-0.6708
3762.9874,1,0.2020,-2.4710,-0.3693,-1.4216,1.5984,1.1949,-2.6707,0.0000,-0.6677
3763.0041,1,0.2020,-2.4710,-0.3692,-1.4213,1.5860,1.1950,-2.6584,0.0000,-0.6646
3763.0208,1,0.2020,-2.4710,-0.3691,-1.4212,1.5735,1.1951,-2.6461,0.0000,-0.6615
3763.0374,1,0.2020,-2.4710,-0.3690,-1.4214,1.5601,1.1949,-2.6326,0.0000,-0.6582
3763.0541,1,0.2020,-2.4710,-0.3690,-1.4213,1.5483,1.1950,-2.6209,0.0000,-0.6552
3763.0708,1,0.2020,-2.4710,-0.3686,-1.4210,1.5368,1.1951,-2.6098,0.0000,-0.6524
3763.0874,1,0.2020,-2.4710,-0.3685,-1.4209,1.5254,1.1951,-2.5986,0.0000,-0.6496
3763.1041,1,0.2020,-2.4710,-0.3684,-1.4209,1.5140,1.1950,-2.5872,0.0000,-0.6468
3763.1207,1,0.2020,-2.4710,-0.3684,-1.4211,1.5022,1.1949,-2.5753,0.0000,-0.6438
3763.1375,1,0.2020,-2.4710,-0.3684,-1.4213,1.4907,1.1947,-2.5638,0.0000,-0.6409
3763.1541,1,0.2020,-2.4710,-0.3685,-1.4219,1.4788,1.1942,-2.5516,0.0000,-0.6379
3763.1707,1,0.2020,-2.4710,-0.3681,-1.4219,1.4668,1.1940,-2.5399,0.0000,-0.6350
3763.1874,1,0.2020,-2.4710,-0.3675,-1.4219,1.4550,1.1937,-2.5284,0.0000,-0.6321
3763.2041,1,0.2020,-2.4710,-0.3672,-1.4221,1.4428,1.1934,-2.5164,0.0000,-0.6291
3763.2207,1,0.2020,-2.4710,-0.3668,-1.4223,1.4303,1.1930,-2.5040,0.0000,-0.6260
3763.2374,1,0.2020,-2.4710,-0.3666,-1.4227,1.4180,1.1926,-2.4918,0.0000,-0.6230
3763.2541,1,0.2020,-2.4710,-0.3661,-1.4230,1.4066,1.1921,-2.4806,0.0000,-0.6202
3763.2708,1,0.2020,-2.4710,-0.3656,-1.4232,1.3950,1.1916,-2.4694,0.0000,-0.6174
3763.2874,1,0.2020,-2.4710,-0.3650,-1.4234,1.3834,1.1912,-2.4581,0.0000,-0.6145
3763.3041,1,0.2020,-2.4710,-0.3645,-1.4237,1.3722,1.1907,-2.4471,0.0000,-0.6118
3763.3207,1,0.2020,-2.4710,-0.3641,-1.4241,1.3609,1.1901,-2.4359,0.0000,-0.6090
3763.3375,1,0.2020,-2.4710,-0.3638,-1.4245,1.3495,1.1896,-2.4246,0.0000,-0.6062
3763.3541,1,0.2020,-2.4710,-0.3636,-1.4250,1.3383,1.1892,-2.4134,0.0000,-0.6033
3763.3707,1,0.2020,-2.4710,-0.3633,-1.4255,1.3271,1.1885,-2.4022,0.0000,-0.6006
3763.3874,1,0.2020,-2.4710,-0.3628,-1.4261,1.3155,1.1878,-2.3907,0.0000,-0.5977
3763.4041,1,0.2020,-2.4710,-0.3623,-1.4264,1.3037,1.1873,-2.3792,0.0000,-0.5948
3763.4208,1,0.2020,-2.4710,-0.3620,-1.4265,1.2920,1.1870,-2.3676,0.0000,-0.5919
3763.4374,1,0.2020,-2.4710,-0.3618,-1.4275,1.2804,1.1861,-2.3558,0.0000,-0.5889
3763.4541,1,0.2020,-2.4710,-0.3615,-1.4272,1.2690,1.1862,-2.3448,0.0000,-0.5862
3763.4707,1,0.2020,-2.4710,-0.3614,-1.4277,1.2580,1.1857,-2.3337,0.0000,-0.5834
3763.4874,1,0.2020,-2.4710,-0.3609,-1.4269,1.2469,1.1861,-2.3232,0.0000,-0.5808
3763.5041,1,0.2020,-2.4710,-0.3607,-1.4281,1.2365,1.1851,-2.3125,0.0000,-0.5781
3763.5208,1,0.2020,-2.4710,-0.3605,-1.4276,1.2260,1.1854,-2.3024,0.0000,-0.5756
3763.5375,1,0.2020,-2.4710,-0.3608,-1.4283,1.2162,1.1849,-2.2921,0.0000,-0.5730
3763.5541,1,0.2020,-2.4710,-0.3611,-1.4283,1.2063,1.1851,-2.2819,0.0000,-0.5705
3763.5708,1,0.2020,-2.4710,-0.3615,-1.4293,1.1969,1.1843,-2.2718,0.0000,-0.5680
3763.5874,1,0.2020,-2.4710,-0.3616,-1.4290,1.1871,1.1846,-2.2621,0.0000,-0.5655
3763.6041,1,0.2020,-2.4710,-0.3617,-1.4292,1.1772,1.1845,-2.2521,0.0000,-0.5630
3763.6208,1,0.2020,-2.4710,-0.3619,-1.4301,1.1678,1.1838,-2.2421,0.0000,-0.5605
3763.6374,1,0.2020,-2.4710,-0.3619,-1.4302,1.1575,1.1837,-2.2317,0.0000,-0.5579
3763.6541,1,0.2020,-2.4710,-0.3620,-1.4304,1.1470,1.1836,-2.2211,0.0000,-0.5553
3763.6707,1,0.2020,-2.4710,-0.3623,-1.4309,1.1374,1.1834,-2.2111,0.0000,-0.5528
3763.6874,1,0.2020,-2.4710,-0.3627,-1.4310,1.1275,1.1834,-2.2009,0.0000,-0.5502
3763.7041,1,0.2020,-2.4710,-0.3632,-1.4317,1.1177,1.1831,-2.1904,0.0000,-0.5476
3763.7208,1,0.2020,-2.4710,-0.3635,-1.4320,1.1088,1.1829,-2.1812,0.0000,-0.5453
3763.7375,1,0.2020,-2.4710,-0.3637,-1.4325,1.0992,1.1826,-2.1712,0.0000,-0.5428
3763.7541,1,0.2020,-2.4710,-0.3638,-1.4325,1.0891,1.1826,-2.1611,0.0000,-0.5403
3763.7708,1,0.2020,-2.4710,-0.3637,-1.4331,1.0798,1.1821,-2.1516,0.0000,-0.5379
3763.7875,1,0.2020,-2.4710,-0.3637,-1.4337,1.0703,1.1815,-2.1418,0.0000,-0.5355
3763.8041,1,0.2020,-2.4710,-0.3636,-1.4342,1.0605,1.1811,-2.1318,0.0000,-0.5330
3763.8208,1,0.2020,-2.4710,-0.3631,-1.4342,1.0507,1.1808,-2.1225,0.0000,-0.5306
3763.8377,1,0.2020,-2.4710,-0.3626,-1.4344,1.0404,1.1804,-2.1124,0.0000,-0.5281
3763.8541,1,0.2020,-2.4710,-0.3626,-1.4353,1.0302,1.1796,-2.1020,0.0000,-0.5255
3763.8708,1,0.2020,-2.4710,-0.3622,-1.4355,1.0203,1.1792,-2.0922,0.0000,-0.5230
3763.8874,1,0.2020,-2.4710,-0.3620,-1.4359,1.0103,1.1788,-2.0822,0.0000,-0.5205
3763.9041,1,0.2020,-2.4710,-0.3622,-1.4369,1.0002,1.1780,-2.0715,0.0000,-0.5179
3763.9207,1,0.2020,-2.4710,-0.3622,-1.4373,0.9901,1.1777,-2.0613,0.0000,-0.5153
3763.9375,1,0.2020,-2.4710,-0.3623,-1.4375,0.9853,1.1775,-2.0563,0.0000,-0.5141
3763.9541,1,0.2020,-2.4710,-0.3621,-1.4376,0.9709,1.1774,-2.0421,0.0000,-0.5105
3763.9708,1,0.2020,-2.4710,-0.3621,-1.4378,0.9617,1.1771,-2.0327,0.0000,-0.5082
3763.9874,1,0.2020,-2.4710,-0.3619,-1.4384,0.9519,1.1766,-2.0229,0.0000,-0.5057
3764.0041,1,0.2020,-2.4710,-0.3618,-1.4386,0.9421,1.1763,-2.0131,0.0000,-0.5033
3764.0207,1,0.2020,-2.4710,-0.3618,-1.4391,0.9324,1.1759,-2.0031,0.0000,-0.5008
3764.0375,1,0.2020,-2.4710,-0.3618,-1.4394,0.9230,1.1756,-1.9937,0.0000,-0.4984
3764.0542,1,0.2020,-2.4710,-0.3619,-1.4400,0.9138,1.1751,-1.9841,0.0000,-0.4960
3764.0708,1,0.2020,-2.4710,-0.3619,-1.4405,0.9046,1.1747,-1.9747,0.0000,-0.4937
3764.0874,1,0.2020,-2.4710,-0.3619,-1.4410,0.8956,1.1743,-1.9655,0.0000,-0.4914
3764.1041,1,0.2020,-2.4710,-0.3616,-1.4413,0.8862,1.1739,-1.9562,0.0000,-0.4890
3764.1208,1,0.2020,-2.4710,-0.3616,-1.4419,0.8772,1.1733,-1.9470,0.0000,-0.4867
3764.1375,1,0.2020,-2.4710,-0.3612,-1.4421,0.8682,1.1730,-1.9382,0.0000,-0.4846
3764.1541,1,0.2020,-2.4710,-0.3611,-1.4425,0.8594,1.1725,-1.9293,0.0000,-0.4823
3764.1708,1,0.2020,-2.4710,-0.3613,-1.4430,0.8505,1.1722,-1.9200,0.0000,-0.4800
3764.1875,1,0.2020,-2.4710,-0.3613,-1.4431,0.8416,1.1721,-1.9111,0.0000,-0.4778
3764.2041,1,0.2020,-2.4710,-0.3614,-1.4434,0.8327,1.1719,-1.9020,0.0000,-0.4755
3764.2208,1,0.2020,-2.4710,-0.3615,-1.4439,0.8236,1.1716,-1.8926,0.0000,-0.4732
3764.2375,1,0.2020,-2.4710,-0.3615,-1.4441,0.8145,1.1713,-1.8835,0.0000,-0.4709
3764.2541,1,0.2020,-2.4710,-0.3616,-1.4445,0.8056,1.1710,-1.8742,0.0000,-0.4686
3764.2708,1,0.2020,-2.4710,-0.3616,-1.4448,0.7966,1.1708,-1.8652,0.0000,-0.4663
3764.2874,1,0.2020,-2.4710,-0.3616,-1.4451,0.7875,1.1705,-1.8559,0.0000,-0.4640
3764.3041,1,0.2020,-2.4710,-0.3618,-1.4456,0.7785,1.1702,-1.8466,0.0000,-0.4616
3764.3208,1,0.2020,-2.4710,-0.3617,-1.4459,0.7694,1.1699,-1.8374,0.0000,-0.4594
3764.3375,1,0.2020,-2.4710,-0.3617,-1.4464,0.7605,1.1694,-1.8283,0.0000,-0.4571
3764.3541,1,0.2020,-2.4710,-0.3612,-1.4460,0.7512,1.1695,-1.8195,0.0000,-0.4549
3764.3708,1,0.2020,-2.4710,-0.3610,-1.4463,0.7413,1.1692,-1.8097,0.0000,-0.4524
3764.3874,1,0.2020,-2.4710,-0.3607,-1.4468,0.7327,1.1686,-1.8011,0.0000,-0.4503
3764.4041,1,0.2020,-2.4710,-0.3603,-1.4470,0.7234,1.1682,-1.7920,0.0000,-0.4480
3764.4207,1,0.2020,-2.4710,-0.3602,-1.4476,0.7148,1.1676,-1.7833,0.0000,-0.4458
3764.4374,1,0.2020,-2.4710,-0.3602,-1.4482,0.7065,1.1672,-1.7747,0.0000,-0.4437
3764.4541,1,0.2020,-2.4710,-0.3604,-1.4486,0.6983,1.1669,-1.7662,0.0000,-0.4415
3764.4708,1,0.2020,-2.4710,-0.3605,-1.4488,0.6898,1.1667,-1.7575,0.0000,-0.4394
3764.4875,1,0.2020,-2.4710,-0.3608,-1.4494,0.6817,1.1664,-1.7490,0.0000,-0.4372
3764.5042,1,0.2020,-2.4710,-0.3610,-1.4498,0.6734,1.1661,-1.7403,0.0000,-0.4351
3764.5208,1,0.2020,-2.4710,-0.3610,-1.4500,0.6648,1.1659,-1.7317,0.0000,-0.4329
3764.5375,1,0.2020,-2.4710,-0.3612,-1.4506,0.6570,1.1655,-1.7235,0.0000,-0.4309
3764.5542,1,0.2020,-2.4710,-0.3612,-1.4507,0.6489,1.1654,-1.7153,0.0000,-0.4288
3764.5707,1,0.2020,-2.4710,-0.3614,-1.4510,0.6409,1.1653,-1.7071,0.0000,-0.4268
3764.5874,1,0.2020,-2.4710,-0.3615,-1.4514,0.6332,1.1649,-1.6991,0.0000,-0.4248
3764.6041,1,0.2020,-2.4710,-0.3617,-1.4517,0.6255,1.1648,-1.6912,0.0000,-0.4228
3764.6208,1,0.2020,-2.4710,-0.3618,-1.4519,0.6176,1.1647,-1.6831,0.0000,-0.4208
3764.6374,1,0.2020,-2.4710,-0.3620,-1.4521,0.6098,1.1646,-1.6750,0.0000,-0.4188
3764.6541,1,0.2020,-2.4710,-0.3622,-1.4524,0.6022,1.1644,-1.6672,0.0000,-0.4168
3764.6708,1,0.2020,-2.4710,-0.3624,-1.4529,0.5948,1.1641,-1.6594,0.0000,-0.4149
3764.6874,1,0.2020,-2.4710,-0.3625,-1.4531,0.5869,1.1639,-1.6513,0.0000,-0.4128
3764.7041,1,0.2020,-2.4710,-0.3625,-1.4534,0.5792,1.1637,-1.6436,0.0000,-0.4109
3764.7208,1,0.2020,-2.4710,-0.3625,-1.4539,0.5718,1.1633,-1.6359,0.0000,-0.4090
3764.7375,1,0.2020,-2.4710,-0.3625,-1.4543,0.5646,1.1629,-1.6285,0.0000,-0.4071
3764.7541,1,0.2020,-2.4710,-0.3626,-1.4547,0.5571,1.1626,-1.6209,0.0000,-0.4052
3764.7708,1,0.2020,-2.4710,-0.3628,-1.4551,0.5498,1.1623,-1.6132,0.0000,-0.4033
3764.7874,1,0.2020,-2.4710,-0.3629,-1.4554,0.5422,1.1621,-1.6054,0.0000,-0.4014
3764.8041,1,0.2020,-2.4710,-0.3631,-1.4559,0.5346,1.1618,-1.5974,0.0000,-0.3994
3764.8208,1,0.2020,-2.4710,-0.3633,-1.4562,0.5267,1.1617,-1.5892,0.0000,-0.3973
3764.8374,1,0.2020,-2.4710,-0.3637,-1.4568,0.5196,1.1613,-1.5816,0.0000,-0.3954
3764.8541,1,0.2020,-2.4710,-0.3636,-1.4571,0.5118,1.1610,-1.5737,0.0000,-0.3934
3764.8708,1,0.2020,-2.4710,-0.3639,-1.4577,0.5044,1.1606,-1.5659,0.0000,-0.3915
3764.8874,1,0.2020,-2.4710,-0.3640,-1.4581,0.4971,1.1603,-1.5583,0.0000,-0.3896
3764.9041,1,0.2020,-2.4710,-0.3641,-1.4585,0.4898,1.1600,-1.5508,0.0000,-0.3877
3764.9207,1,0.2020,-2.4710,-0.3643,-1.4589,0.4826,1.1597,-1.5433,0.0000,-0.3858
3764.9375,1,0.2020,-2.4710,-0.3642,-1.4592,0.4750,1.1595,-1.5356,0.0000,-0.3839
3764.9541,1,0.2020,-2.4710,-0.3644,-1.4596,0.4677,1.1592,-1.5280,0.0000,-0.3820
3764.9708,1,0.2020,-2.4710,-0.3645,-1.4600,0.4602,1.1589,-1.5203,0.0000,-0.3801
3764.9874,1,0.2020,-2.4710,-0.3643,-1.4602,0.4524,1.1586,-1.5125,0.0000,-0.3781
3765.0041,1,0.2020,-2.4710,-0.3642,-1.4606,0.4449,1.1582,-1.5049,0.0000,-0.3762
3765.0207,1,0.2020,-2.4710,-0.3641,-1.4610,0.4374,1.1578,-1.4973,0.0000,-0.3743
3765.0374,1,0.2020,-2.4710,-0.3640,-1.4615,0.4300,1.1574,-1.4899,0.0000,-0.3725
3765.0542,1,0.2020,-2.4710,-0.3637,-1.4620,0.4229,1.1568,-1.4827,0.0000,-0.3707
3765.0708,1,0.2020,-2.4710,-0.3633,-1.4623,0.4156,1.1563,-1.4755,0.0000,-0.3689
3765.0874,1,0.2020,-2.4710,-0.3630,-1.4627,0.4083,1.1558,-1.4683,0.0000,-0.3671
3765.1041,1,0.2020,-2.4710,-0.3628,-1.4632,0.4011,1.1552,-1.4611,0.0000,-0.3653
3765.1208,1,0.2020,-2.4710,-0.3626,-1.4635,0.3940,1.1549,-1.4541,0.0000,-0.3635
3765.1375,1,0.2020,-2.4710,-0.3623,-1.4636,0.3866,1.1547,-1.4468,0.0000,-0.3617
3765.1541,1,0.2020,-2.4710,-0.3621,-1.4636,0.3791,1.1546,-1.4394,0.0000,-0.3599
3765.1708,1,0.2020,-2.4710,-0.3624,-1.4639,0.3724,1.1545,-1.4323,0.0000,-0.3581
3765.1874,1,0.2020,-2.4710,-0.3625,-1.4639,0.3652,1.1545,-1.4251,0.0000,-0.3563
3765.2041,1,0.2020,-2.4710,-0.3624,-1.4639,0.3582,1.1544,-1.4182,0.0000,-0.3546
3765.2208,1,0.2020,-2.4710,-0.3626,-1.4641,0.3517,1.1544,-1.4114,0.0000,-0.3529
3765.2375,1,0.2020,-2.4710,-0.3625,-1.4641,0.3449,1.1543,-1.4048,0.0000,-0.3512
3765.2541,1,0.2020,-2.4710,-0.3626,-1.4640,0.3384,1.1544,-1.3982,0.0000,-0.3495
3765.2708,1,0.2020,-2.4710,-0.3627,-1.4640,0.3318,1.1546,-1.3915,0.0000,-0.3479
3765.2874,1,0.2020,-2.4710,-0.3629,-1.4638,0.3253,1.1548,-1.3850,0.0000,-0.3463
3765.3041,1,0.2020,-2.4710,-0.3630,-1.4637,0.3191,1.1549,-1.3787,0.0000,-0.3447
3765.3208,1,0.2020,-2.4710,-0.3631,-1.4638,0.3133,1.1549,-1.3728,0.0000,-0.3432
3765.3375,1,0.2020,-2.4710,-0.3629,-1.4636,0.3074,1.1550,-1.3672,0.0000,-0.3418
3765.3541,1,0.2020,-2.4710,-0.3627,-1.4634,0.3013,1.1550,-1.3613,0.0000,-0.3403
3765.3707,1,0.2020,-2.4710,-0.3626,-1.4632,0.2956,1.1551,-1.3557,0.0000,-0.3389
3765.3874,1,0.2020,-2.4710,-0.3627,-1.4632,0.2900,1.1552,-1.3500,0.0000,-0.3375
3765.4041,1,0.2020,-2.4710,-0.3627,-1.4631,0.2843,1.1553,-1.3443,0.0000,-0.3361
3765.4207,1,0.2020,-2.4710,-0.3628,-1.4631,0.2786,1.1554,-1.3386,0.0000,-0.3347
3765.4374,1,0.2020,-2.4710,-0.3627,-1.4630,0.2727,1.1555,-1.3328,0.0000,-0.3332
3765.4541,1,0.2020,-2.4710,-0.3625,-1.4627,0.2665,1.1556,-1.3269,0.0000,-0.3317
3765.4707,1,0.2020,-2.4710,-0.3628,-1.4628,0.2609,1.1556,-1.3211,0.0000,-0.3303
3765.4874,1,0.2020,-2.4710,-0.3630,-1.4628,0.2552,1.1557,-1.3152,0.0000,-0.3288
3765.5041,1,0.2020,-2.4710,-0.3632,-1.4628,0.2492,1.1558,-1.3091,0.0000,-0.3273
3765.5207,1,0.2020,-2.4710,-0.3634,-1.4626,0.2434,1.1560,-1.3031,0.0000,-0.3258
3765.5375,1,0.2020,-2.4710,-0.3636,-1.4626,0.2379,1.1562,-1.2975,0.0000,-0.3244
3765.5541,1,0.2020,-2.4710,-0.3639,-1.4626,0.2324,1.1563,-1.2918,0.0000,-0.3230
3765.5708,1,0.2020,-2.4710,-0.3640,-1.4624,0.2267,1.1566,-1.2861,0.0000,-0.3215
3765.5874,1,0.2020,-2.4710,-0.3641,-1.4623,0.2209,1.1567,-1.2803,0.0000,-0.3201
3765.6041,1,0.2020,-2.4710,-0.3642,-1.4622,0.2153,1.1569,-1.2747,0.0000,-0.3187
3765.6208,1,0.2020,-2.4710,-0.3643,-1.4621,0.2097,1.1569,-1.2691,0.0000,-0.3173
3765.6374,1,0.2020,-2.4710,-0.3642,-1.4620,0.2039,1.1570,-1.2634,0.0000,-0.3158
3765.6541,1,0.2020,-2.4710,-0.3642,-1.4619,0.1982,1.1571,-1.2577,0.0000,-0.3144
3765.6708,1,0.2020,-2.4710,-0.3644,-1.4618,0.1928,1.1573,-1.2521,0.0000,-0.3130
3765.6874,1,0.2020,-2.4710,-0.3643,-1.4616,0.1868,1.1574,-1.2464,0.0000,-0.3116
3765.7041,1,0.2020,-2.4710,-0.3644,-1.4613,0.1812,1.1577,-1.2408,0.0000,-0.3102
3765.7207,1,0.2020,-2.4710,-0.3646,-1.4613,0.1758,1.1578,-1.2352,0.0000,-0.3088
3765.7375,1,0.2020,-2.4710,-0.3647,-1.4611,0.1706,1.1580,-1.2301,0.0000,-0.3075
3765.7542,1,0.2020,-2.4710,-0.3647,-1.4609,0.1654,1.1582,-1.2248,0.0000,-0.3062
3765.7708,1,0.2020,-2.4710,-0.3645,-1.4608,0.1601,1.1582,-1.2198,0.0000,-0.3050
3765.7874,1,0.2020,-2.4710,-0.3644,-1.4607,0.1552,1.1582,-1.2150,0.0000,-0.3037
3765.8041,1,0.2020,-2.4710,-0.3647,-1.4608,0.1502,1.1583,-1.2097,0.0000,-0.3024
3765.8208,1,0.2020,-2.4710,-0.3648,-1.4607,0.1450,1.1584,-1.2045,0.0000,-0.3011
3765.8374,1,0.2020,-2.4710,-0.3645,-1.4606,0.1397,1.1584,-1.1995,0.0000,-0.2999
3765.8541,1,0.2020,-2.4710,-0.3642,-1.4606,0.1341,1.1583,-1.1941,0.0000,-0.2985
3765.8707,1,0.2020,-2.4710,-0.3645,-1.4606,0.1290,1.1583,-1.1888,0.0000,-0.2972
3765.8874,1,0.2020,-2.4710,-0.3642,-1.4606,0.1239,1.1583,-1.1839,0.0000,-0.2960
3765.9041,1,0.2020,-2.4710,-0.3641,-1.4604,0.1186,1.1583,-1.1787,0.0000,-0.2947
3765.9207,1,0.2020,-2.4710,-0.3643,-1.4604,0.1133,1.1585,-1.1734,0.0000,-0.2933
3765.9375,1,0.2020,-2.4710,-0.3643,-1.4604,0.1079,1.1584,-1.1680,0.0000,-0.2920
3765.9541,1,0.2020,-2.4710,-0.3640,-1.4603,0.1024,1.1584,-1.1627,0.0000,-0.2907
3765.9707,1,0.2020,-2.4710,-0.3643,-1.4604,0.0972,1.1585,-1.1572,0.0000,-0.2893
3765.9875,1,0.2020,-2.4710,-0.3643,-1.4603,0.0919,1.1585,-1.1520,0.0000,-0.2880
3766.0041,1,0.2020,-2.4710,-0.3643,-1.4604,0.0867,1.1585,-1.1468,0.0000,-0.2867
3766.0208,1,0.2020,-2.4710,-0.3643,-1.4604,0.0816,1.1585,-1.1417,0.0000,-0.2854
3766.0374,1,0.2020,-2.4710,-0.3642,-1.4604,0.0764,1.1584,-1.1365,0.0000,-0.2841
3766.0542,1,0.2020,-2.4710,-0.3644,-1.4605,0.0718,1.1584,-1.1317,0.0000,-0.2829
3766.0707,1,0.2020,-2.4710,-0.3644,-1.4605,0.0670,1.1585,-1.1269,0.0000,-0.2817
3766.0874,1,0.2020,-2.4710,-0.3643,-1.4604,0.0620,1.1584,-1.1220,0.0000,-0.2805
3766.1041,1,0.2020,-2.4710,-0.3642,-1.4604,0.0567,1.1584,-1.1167,0.0000,-0.2792
3766.1207,1,0.2020,-2.4710,-0.3646,-1.4604,0.0518,1.1586,-1.1116,0.0000,-0.2779
3766.1375,1,0.2020,-2.4710,-0.3645,-1.4603,0.0465,1.1586,-1.1064,0.0000,-0.2766
3766.1541,1,0.2020,-2.4710,-0.3643,-1.4603,0.0410,1.1585,-1.1011,0.0000,-0.2753
3766.1708,1,0.2020,-2.4710,-0.3647,-1.4603,0.0360,1.1587,-1.0958,0.0000,-0.2739
3766.1874,1,0.2020,-2.4710,-0.3647,-1.4605,0.0311,1.1586,-1.0908,0.0000,-0.2727
3766.2041,1,0.2020,-2.4710,-0.3645,-1.4606,0.0257,1.1584,-1.0855,0.0000,-0.2714
3766.2207,1,0.2020,-2.4710,-0.3643,-1.4608,0.0207,1.1581,-1.0805,0.0000,-0.2701
3766.2375,1,0.2020,-2.4710,-0.3642,-1.4611,0.0159,1.1578,-1.0758,0.0000,-0.2689
3766.2541,1,0.2020,-2.4710,-0.3642,-1.4614,0.0112,1.1575,-1.0709,0.0000,-0.2677
3766.2708,1,0.2020,-2.4710,-0.3641,-1.4616,0.0062,1.1574,-1.0659,0.0000,-0.2665
3766.2874,1,0.2020,-2.4710,-0.3639,-1.4618,0.0011,1.1571,-1.0609,0.0000,-0.2652
3766.3041,1,0.2020,-2.4710,-0.3639,-1.4619,-0.0041,1.1569,-1.0556,0.0000,-0.2639
3766.3207,1,0.2020,-2.4710,-0.3637,-1.4620,-0.0091,1.1568,-1.0508,0.0000,-0.2627
3766.3375,1,0.2020,-2.4710,-0.3635,-1.4620,-0.0141,1.1566,-1.0458,0.0000,-0.2615
3766.3541,1,0.2020,-2.4710,-0.3636,-1.4620,-0.0188,1.1567,-1.0411,0.0000,-0.2603
3766.3708,1,0.2020,-2.4710,-0.3635,-1.4620,-0.0237,1.1566,-1.0363,0.0000,-0.2591
3766.3874,1,0.2020,-2.4710,-0.3636,-1.4622,-0.0284,1.1566,-1.0315,0.0000,-0.2579
3766.4041,1,0.2020,-2.4710,-0.3635,-1.4622,-0.0333,1.1565,-1.0267,0.0000,-0.2567
3766.4207,1,0.2020,-2.4710,-0.3636,-1.4622,-0.0379,1.1565,-1.0218,0.0000,-0.2555
3766.4374,1,0.2020,-2.4710,-0.3637,-1.4624,-0.0428,1.1564,-1.0169,0.0000,-0.2542
3766.4541,1,0.2020,-2.4710,-0.3636,-1.4625,-0.0475,1.1563,-1.0122,0.0000,-0.2530
3766.4707,1,0.2020,-2.4710,-0.3637,-1.4625,-0.0520,1.1563,-1.0077,0.0000,-0.2519
3766.4874,1,0.2020,-2.4710,-0.3639,-1.4626,-0.0566,1.1564,-1.0029,0.0000,-0.2507
3766.5041,1,0.2020,-2.4710,-0.3638,-1.4625,-0.0615,1.1564,-0.9980,0.0000,-0.2495
3766.5208,1,0.2020,-2.4710,-0.3640,-1.4625,-0.0660,1.1565,-0.9934,0.0000,-0.2484
3766.5375,1,0.2020,-2.4710,-0.3643,-1.4625,-0.0701,1.1567,-0.9890,0.0000,-0.2473
3766.5542,1,0.2020,-2.4710,-0.3644,-1.4625,-0.0744,1.1567,-0.9846,0.0000,-0.2461
3766.5707,1,0.2020,-2.4710,-0.3645,-1.4625,-0.0786,1.1567,-0.9803,0.0000,-0.2451
3766.5874,1,0.2020,-2.4710,-0.3644,-1.4626,-0.0830,1.1566,-0.9760,0.0000,-0.2440
3766.6040,1,0.2020,-2.4710,-0.3648,-1.4626,-0.0872,1.1568,-0.9715,0.0000,-0.2429
3766.6208,1,0.2020,-2.4710,-0.3650,-1.4627,-0.0914,1.1568,-0.9672,0.0000,-0.2418
3766.6374,1,0.2020,-2.4710,-0.3649,-1.4627,-0.0957,1.1567,-0.9629,0.0000,-0.2407
3766.6541,1,0.2020,-2.4710,-0.3649,-1.4627,-0.1000,1.1567,-0.9586,0.0000,-0.2397
3766.6708,1,0.2020,-2.4710,-0.3651,-1.4627,-0.1046,1.1569,-0.9539,0.0000,-0.2385
3766.6874,1,0.2020,-2.4710,-0.3654,-1.4626,-0.1090,1.1570,-0.9493,0.0000,-0.2373
3766.7041,1,0.2020,-2.4710,-0.3654,-1.4625,-0.1132,1.1572,-0.9451,0.0000,-0.2363
3766.7207,1,0.2020,-2.4710,-0.3653,-1.4624,-0.1178,1.1572,-0.9406,0.0000,-0.2352
3766.7375,1,0.2020,-2.4710,-0.3655,-1.4623,-0.1220,1.1574,-0.9363,0.0000,-0.2341
3766.7544,1,0.2020,-2.4710,-0.3657,-1.4623,-0.1253,1.1575,-0.9328,0.0000,-0.2332
3766.7708,1,0.2020,-2.4710,-0.3659,-1.4623,-0.1292,1.1576,-0.9288,0.0000,-0.2322
3766.7874,1,0.2020,-2.4710,-0.3657,-1.4621,-0.1330,1.1576,-0.9253,0.0000,-0.2313
3766.8040,1,0.2020,-2.4710,-0.3659,-1.4620,-0.1370,1.1578,-0.9212,0.0000,-0.2303
3766.8207,1,0.2020,-2.4710,-0.3660,-1.4619,-0.1409,1.1580,-0.9172,0.0000,-0.2293
3766.8374,1,0.2020,-2.4710,-0.3660,-1.4617,-0.1449,1.1581,-0.9133,0.0000,-0.2283
3766.8541,1,0.2020,-2.4710,-0.3659,-1.4617,-0.1490,1.1582,-0.9093,0.0000,-0.2273
3766.8708,1,0.2020,-2.4710,-0.3660,-1.4614,-0.1526,1.1584,-0.9057,0.0000,-0.2264
3766.8874,1,0.2020,-2.4710,-0.3665,-1.4613,-0.1565,1.1588,-0.9015,0.0000,-0.2254
3766.9041,1,0.2020,-2.4710,-0.3665,-1.4611,-0.1602,1.1589,-0.8979,0.0000,-0.2245
3766.9207,1,0.2020,-2.4710,-0.3663,-1.4609,-0.1642,1.1590,-0.8941,0.0000,-0.2235
3766.9375,1,0.2020,-2.4710,-0.3664,-1.4609,-0.1682,1.1591,-0.8900,0.0000,-0.2225
3766.9541,1,0.2020,-2.4710,-0.3666,-1.4607,-0.1720,1.1593,-0.8862,0.0000,-0.2216
3766.9708,1,0.2020,-2.4710,-0.3666,-1.4606,-0.1761,1.1594,-0.8821,0.0000,-0.2205
3766.9874,1,0.2020,-2.4710,-0.3669,-1.4605,-0.1795,1.1597,-0.8785,0.0000,-0.2196
3767.0041,1,0.2020,-2.4710,-0.3669,-1.4605,-0.1836,1.1596,-0.8745,0.0000,-0.2186
3767.0209,1,0.2020,-2.4710,-0.3666,-1.4604,-0.1876,1.1595,-0.8707,0.0000,-0.2177
3767.0374,1,0.2020,-2.4710,-0.3671,-1.4603,-0.1906,1.1599,-0.8673,0.0000,-0.2168
3767.0541,1,0.2020,-2.4710,-0.3672,-1.4603,-0.1942,1.1600,-0.8638,0.0000,-0.2159
3767.0708,1,0.2020,-2.4710,-0.3672,-1.4599,-0.1975,1.1603,-0.8606,0.0000,-0.2151
3767.0874,1,0.2020,-2.4710,-0.3673,-1.4598,-0.2010,1.1605,-0.8570,0.0000,-0.2143
3767.1041,1,0.2020,-2.4710,-0.3673,-1.4595,-0.2045,1.1607,-0.8537,0.0000,-0.2134
3767.1207,1,0.2020,-2.4710,-0.3674,-1.4593,-0.2082,1.1610,-0.8499,0.0000,-0.2125
3767.1375,1,0.2020,-2.4710,-0.3674,-1.4591,-0.2117,1.1611,-0.8466,0.0000,-0.2116
3767.1542,1,0.2020,-2.4710,-0.3675,-1.4589,-0.2154,1.1614,-0.8428,0.0000,-0.2107
3767.1708,1,0.2020,-2.4710,-0.3675,-1.4587,-0.2187,1.1615,-0.8397,0.0000,-0.2099
3767.1874,1,0.2020,-2.4710,-0.3677,-1.4586,-0.2222,1.1617,-0.8360,0.0000,-0.2090
3767.2041,1,0.2020,-2.4710,-0.3676,-1.4585,-0.2256,1.1617,-0.8328,0.0000,-0.2082
3767.2208,1,0.2020,-2.4710,-0.3678,-1.4585,-0.2291,1.1618,-0.8291,0.0000,-0.2073
3767.2375,1,0.2020,-2.4710,-0.3678,-1.4583,-0.2326,1.1620,-0.8257,0.0000,-0.2064
3767.2541,1,0.2020,-2.4710,-0.3676,-1.4582,-0.2365,1.1620,-0.8220,0.0000,-0.2055
3767.2708,1,0.2020,-2.4710,-0.3676,-1.4580,-0.2399,1.1622,-0.8187,0.0000,-0.2047
3767.2875,1,0.2020,-2.4710,-0.3677,-1.4579,-0.2435,1.1623,-0.8150,0.0000,-0.2038
3767.3041,1,0.2020,-2.4710,-0.3675,-1.4578,-0.2473,1.1623,-0.8114,0.0000,-0.2028
3767.3208,1,0.2020,-2.4710,-0.3677,-1.4576,-0.2509,1.1625,-0.8078,0.0000,-0.2020
3767.3375,1,0.2020,-2.4710,-0.3676,-1.4575,-0.2546,1.1626,-0.8042,0.0000,-0.2010
3767.3542,1,0.2020,-2.4710,-0.3674,-1.4575,-0.2583,1.1625,-0.8006,0.0000,-0.2002
3767.3708,1,0.2020,-2.4710,-0.3676,-1.4575,-0.2620,1.1626,-0.7968,0.0000,-0.1992
3767.3874,1,0.2020,-2.4710,-0.3671,-1.4576,-0.2659,1.1623,-0.7933,0.0000,-0.1983
3767.4041,1,0.2020,-2.4710,-0.3671,-1.4576,-0.2697,1.1622,-0.7894,0.0000,-0.1974
3767.4207,1,0.2020,-2.4710,-0.3671,-1.4576,-0.2733,1.1623,-0.7858,0.0000,-0.1965
3767.4374,1,0.2020,-2.4710,-0.3659,-1.4577,-0.2773,1.1616,-0.7827,0.0000,-0.1957
3767.4541,1,0.2020,-2.4710,-0.3659,-1.4577,-0.2807,1.1616,-0.7793,0.0000,-0.1948
3767.4707,1,0.2020,-2.4710,-0.3649,-1.4576,-0.2852,1.1612,-0.7756,0.0000,-0.1939
3767.4874,1,0.2020,-2.4710,-0.3648,-1.4574,-0.2886,1.1613,-0.7723,0.0000,-0.1931
3767.5041,1,0.2020,-2.4710,-0.3644,-1.4574,-0.2923,1.1611,-0.7690,0.0000,-0.1922
3767.5207,1,0.2020,-2.4710,-0.3635,-1.4575,-0.2964,1.1606,-0.7655,0.0000,-0.1914
3767.5375,1,0.2020,-2.4710,-0.3635,-1.4575,-0.2964,1.1606,-0.7655,0.0000,-0.1914
3767.5543,1,0.2020,-2.4710,-0.3634,-1.4573,-0.3027,1.1608,-0.7593,0.0000,-0.1898
3767.5708,1,0.2020,-2.4710,-0.3634,-1.4572,-0.3058,1.1608,-0.7562,0.0000,-0.1891
3767.5874,1,0.2020,-2.4710,-0.3631,-1.4571,-0.3092,1.1607,-0.7531,0.0000,-0.1883
3767.6041,1,0.2020,-2.4710,-0.3636,-1.4570,-0.3122,1.1611,-0.7498,0.0000,-0.1875
3767.6208,1,0.2020,-2.4710,-0.3641,-1.4568,-0.3147,1.1615,-0.7470,0.0000,-0.1868
3767.6374,1,0.2020,-2.4710,-0.3641,-1.4569,-0.3181,1.1614,-0.7436,0.0000,-0.1859
3767.6541,1,0.2020,-2.4710,-0.3638,-1.4567,-0.3214,1.1614,-0.7405,0.0000,-0.1851
3767.6707,1,0.2020,-2.4710,-0.3637,-1.4567,-0.3248,1.1614,-0.7372,0.0000,-0.1843
3767.6874,1,0.2020,-2.4710,-0.3637,-1.4566,-0.3280,1.1615,-0.7341,0.0000,-0.1835
3767.7041,1,0.2020,-2.4710,-0.3640,-1.4565,-0.3312,1.1617,-0.7307,0.0000,-0.1827
3767.7208,1,0.2020,-2.4710,-0.3641,-1.4565,-0.3345,1.1618,-0.7274,0.0000,-0.1818
3767.7375,1,0.2020,-2.4710,-0.3643,-1.4564,-0.3372,1.1619,-0.7245,0.0000,-0.1811
3767.7542,1,0.2020,-2.4710,-0.3643,-1.4565,-0.3401,1.1619,-0.7216,0.0000,-0.1804
3767.7708,1,0.2020,-2.4710,-0.3640,-1.4564,-0.3431,1.1618,-0.7189,0.0000,-0.1797
3767.7875,1,0.2020,-2.4710,-0.3638,-1.4564,-0.3462,1.1617,-0.7159,0.0000,-0.1790
3767.8042,1,0.2020,-2.4710,-0.3634,-1.4564,-0.3493,1.1615,-0.7131,0.0000,-0.1783
3767.8208,1,0.2020,-2.4710,-0.3632,-1.4563,-0.3526,1.1615,-0.7100,0.0000,-0.1775
3767.8374,1,0.2020,-2.4710,-0.3633,-1.4562,-0.3555,1.1616,-0.7071,0.0000,-0.1768
3767.8541,1,0.2020,-2.4710,-0.3634,-1.4560,-0.3583,1.1619,-0.7042,0.0000,-0.1760
3767.8709,1,0.2020,-2.4710,-0.3635,-1.4560,-0.3612,1.1619,-0.7013,0.0000,-0.1753
3767.8874,1,0.2020,-2.4710,-0.3636,-1.4558,-0.3639,1.1621,-0.6986,0.0000,-0.1747
3767.9041,1,0.2020,-2.4710,-0.3637,-1.4557,-0.3666,1.1622,-0.6958,0.0000,-0.1740
3767.9208,1,0.2020,-2.4710,-0.3636,-1.4556,-0.3696,1.1623,-0.6930,0.0000,-0.1732
3767.9375,1,0.2020,-2.4710,-0.3631,-1.4556,-0.3730,1.1621,-0.6899,0.0000,-0.1725
3767.9541,1,0.2020,-2.4710,-0.3634,-1.4554,-0.3755,1.1624,-0.6872,0.0000,-0.1718
3767.9708,1,0.2020,-2.4710,-0.3635,-1.4554,-0.3782,1.1625,-0.6845,0.0000,-0.1711
3767.9874,1,0.2020,-2.4710,-0.3639,-1.4552,-0.3808,1.1628,-0.6817,0.0000,-0.1704
3768.0041,1,0.2020,-2.4710,-0.3637,-1.4551,-0.3836,1.1628,-0.6791,0.0000,-0.1698
3768.0208,1,0.2020,-2.4710,-0.3635,-1.4550,-0.3869,1.1628,-0.6760,0.0000,-0.1690
3768.0374,1,0.2020,-2.4710,-0.3634,-1.4550,-0.3900,1.1628,-0.6730,0.0000,-0.1682
3768.0541,1,0.2020,-2.4710,-0.3633,-1.4549,-0.3930,1.1628,-0.6701,0.0000,-0.1675
3768.0708,1,0.2020,-2.4710,-0.3634,-1.4548,-0.3958,1.1629,-0.6672,0.0000,-0.1668
3768.0874,1,0.2020,-2.4710,-0.3633,-1.4547,-0.3989,1.1629,-0.6643,0.0000,-0.1661
3768.1041,1,0.2020,-2.4710,-0.3635,-1.4546,-0.4018,1.1631,-0.6612,0.0000,-0.1653
3768.1208,1,0.2020,-2.4710,-0.3635,-1.4545,-0.4045,1.1632,-0.6586,0.0000,-0.1646
3768.1375,1,0.2020,-2.4710,-0.3632,-1.4546,-0.4078,1.1630,-0.6555,0.0000,-0.1639
3768.1541,1,0.2020,-2.4710,-0.3632,-1.4545,-0.4107,1.1631,-0.6527,0.0000,-0.1632
3768.1708,1,0.2020,-2.4710,-0.3630,-1.4545,-0.4138,1.1630,-0.6497,0.0000,-0.1624
3768.1874,1,0.2020,-2.4710,-0.3629,-1.4545,-0.4168,1.1629,-0.6468,0.0000,-0.1617
3768.2041,1,0.2020,-2.4710,-0.3628,-1.4545,-0.4198,1.1629,-0.6438,0.0000,-0.1610
3768.2208,1,0.2020,-2.4710,-0.3630,-1.4544,-0.4224,1.1631,-0.6412,0.0000,-0.1603
3768.2374,1,0.2020,-2.4710,-0.3627,-1.4544,-0.4247,1.1629,-0.6391,0.0000,-0.1598
3768.2541,1,0.2020,-2.4710,-0.3624,-1.4545,-0.4277,1.1627,-0.6363,0.0000,-0.1591
3768.2708,1,0.2020,-2.4710,-0.3624,-1.4545,-0.4301,1.1627,-0.6339,0.0000,-0.1585
3768.2875,1,0.2020,-2.4710,-0.3627,-1.4543,-0.4322,1.1630,-0.6316,0.0000,-0.1579
3768.3041,1,0.2020,-2.4710,-0.3625,-1.4542,-0.4347,1.1630,-0.6293,0.0000,-0.1573
3768.3208,1,0.2020,-2.4710,-0.3625,-1.4541,-0.4374,1.1631,-0.6266,0.0000,-0.1567
3768.3375,1,0.2020,-2.4710,-0.3622,-1.4540,-0.4404,1.1630,-0.6239,0.0000,-0.1560
3768.3542,1,0.2020,-2.4710,-0.3623,-1.4539,-0.4428,1.1631,-0.6214,0.0000,-0.1553
3768.3708,1,0.2020,-2.4710,-0.3621,-1.4539,-0.4452,1.1631,-0.6192,0.0000,-0.1548
3768.3875,1,0.2020,-2.4710,-0.3623,-1.4538,-0.4478,1.1632,-0.6166,0.0000,-0.1541
3768.4041,1,0.2020,-2.4710,-0.3619,-1.4538,-0.4507,1.1631,-0.6139,0.0000,-0.1535
3768.4208,1,0.2020,-2.4710,-0.3619,-1.4537,-0.4533,1.1631,-0.6113,0.0000,-0.1528
3768.4374,1,0.2020,-2.4710,-0.3621,-1.4535,-0.4557,1.1634,-0.6089,0.0000,-0.1522
3768.4541,1,0.2020,-2.4710,-0.3620,-1.4535,-0.4584,1.1633,-0.6063,0.0000,-0.1516
3768.4708,1,0.2020,-2.4710,-0.3618,-1.4534,-0.4612,1.1633,-0.6036,0.0000,-0.1509
3768.4874,1,0.2020,-2.4710,-0.3618,-1.4533,-0.4639,1.1634,-0.6010,0.0000,-0.1502
3768.5041,1,0.2020,-2.4710,-0.3619,-1.4532,-0.4663,1.1636,-0.5985,0.0000,-0.1496
3768.5208,1,0.2020,-2.4710,-0.3621,-1.4531,-0.4688,1.1638,-0.5960,0.0000,-0.1490
3768.5375,1,0.2020,-2.4710,-0.3619,-1.4531,-0.4718,1.1636,-0.5932,0.0000,-0.1483
3768.5542,1,0.2020,-2.4710,-0.3620,-1.4530,-0.4742,1.1638,-0.5907,0.0000,-0.1477
3768.5708,1,0.2020,-2.4710,-0.3621,-1.4529,-0.4768,1.1640,-0.5880,0.0000,-0.1470
3768.5875,1,0.2020,-2.4710,-0.3621,-1.4529,-0.4793,1.1640,-0.5856,0.0000,-0.1464
3768.6040,1,0.2020,-2.4710,-0.3623,-1.4527,-0.4819,1.1642,-0.5829,0.0000,-0.1457
3768.6207,1,0.2020,-2.4710,-0.3625,-1.4526,-0.4840,1.1644,-0.5807,0.0000,-0.1452
3768.6373,1,0.2020,-2.4710,-0.3623,-1.4526,-0.4862,1.1643,-0.5786,0.0000,-0.1446
3768.6540,1,0.2020,-2.4710,-0.3619,-1.4526,-0.4887,1.1641,-0.5764,0.0000,-0.1441
3768.6707,1,0.2020,-2.4710,-0.3620,-1.4525,-0.4911,1.1642,-0.5740,0.0000,-0.1435
3768.6873,1,0.2020,-2.4710,-0.3620,-1.4524,-0.4932,1.1643,-0.5719,0.0000,-0.1430
3768.7040,1,0.2020,-2.4710,-0.3621,-1.4523,-0.4954,1.1645,-0.5697,0.0000,-0.1424
3768.7207,1,0.2020,-2.4710,-0.3620,-1.4522,-0.4978,1.1644,-0.5674,0.0000,-0.1418
3768.7373,1,0.2020,-2.4710,-0.3618,-1.4523,-0.5006,1.1644,-0.5648,0.0000,-0.1412
3768.7540,1,0.2020,-2.4710,-0.3619,-1.4521,-0.5026,1.1645,-0.5627,0.0000,-0.1407
3768.7707,1,0.2020,-2.4710,-0.3619,-1.4520,-0.5048,1.1646,-0.5606,0.0000,-0.1401
3768.7873,1,0.2020,-2.4710,-0.3620,-1.4520,-0.5068,1.1647,-0.5585,0.0000,-0.1396
3768.8040,1,0.2020,-2.4710,-0.3620,-1.4521,-0.5091,1.1646,-0.5561,0.0000,-0.1390
3768.8206,1,0.2020,-2.4710,-0.3619,-1.4522,-0.5114,1.1645,-0.5539,0.0000,-0.1385
3768.8373,1,0.2020,-2.4710,-0.3622,-1.4521,-0.5135,1.1647,-0.5517,0.0000,-0.1379
3768.8540,1,0.2020,-2.4710,-0.3619,-1.4520,-0.5161,1.1646,-0.5492,0.0000,-0.1373
3768.8707,1,0.2020,-2.4710,-0.3619,-1.4520,-0.5184,1.1647,-0.5469,0.0000,-0.1367
3768.8873,1,0.2020,-2.4710,-0.3618,-1.4520,-0.5209,1.1646,-0.5446,0.0000,-0.1362
3768.9040,1,0.2020,-2.4710,-0.3618,-1.4519,-0.5233,1.1646,-0.5422,0.0000,-0.1355
3768.9207,1,0.2020,-2.4710,-0.3618,-1.4519,-0.5254,1.1647,-0.5401,0.0000,-0.1350
3768.9373,1,0.2020,-2.4710,-0.3621,-1.4517,-0.5273,1.1649,-0.5380,0.0000,-0.1345
3768.9540,1,0.2020,-2.4710,-0.3618,-1.4519,-0.5296,1.1647,-0.5359,0.0000,-0.1340
3768.9707,1,0.2020,-2.4710,-0.3618,-1.4517,-0.5322,1.1648,-0.5333,0.0000,-0.1333
3768.9873,1,0.2020,-2.4710,-0.3615,-1.4517,-0.5348,1.1647,-0.5310,0.0000,-0.1328
3769.0040,1,0.2020,-2.4710,-0.3617,-1.4516,-0.5369,1.1649,-0.5288,0.0000,-0.1322
3769.0206,1,0.2020,-2.4710,-0.3617,-1.4515,-0.5391,1.1650,-0.5266,0.0000,-0.1317
3769.0373,1,0.2020,-2.4710,-0.3618,-1.4514,-0.5413,1.1651,-0.5244,0.0000,-0.1311
3769.0540,1,0.2020,-2.4710,-0.3615,-1.4515,-0.5438,1.1649,-0.5221,0.0000,-0.1305
3769.0706,1,0.2020,-2.4710,-0.3615,-1.4515,-0.5463,1.1649,-0.5196,0.0000,-0.1299
3769.0873,1,0.2020,-2.4710,-0.3615,-1.4500,-0.5437,1.1662,-0.5228,0.0000,-0.1307
3769.1040,1,0.2020,-2.4710,-0.3614,-1.4499,-0.5461,1.1662,-0.5205,0.0000,-0.1301
3769.1207,1,0.2020,-2.4710,-0.3613,-1.4500,-0.5483,1.1661,-0.5184,0.0000,-0.1296
3769.1373,1,0.2020,-2.4710,-0.3614,-1.4501,-0.5506,1.1661,-0.5159,0.0000,-0.1290
3769.1540,1,0.2020,-2.4710,-0.3614,-1.4502,-0.5531,1.1659,-0.5134,0.0000,-0.1283
3769.1706,1,0.2020,-2.4710,-0.3612,-1.4503,-0.5555,1.1657,-0.5111,0.0000,-0.1278
3769.1873,1,0.2020,-2.4710,-0.3611,-1.4504,-0.5567,1.1657,-0.5099,0.0000,-0.1275
3769.2040,1,0.2020,-2.4710,-0.3609,-1.4504,-0.5594,1.1655,-0.5074,0.0000,-0.1268
3769.2206,1,0.2020,-2.4710,-0.3607,-1.4505,-0.5627,1.1654,-0.5042,0.0000,-0.1261
3769.2373,1,0.2020,-2.4710,-0.3607,-1.4506,-0.5645,1.1652,-0.5023,0.0000,-0.1256
3769.2540,1,0.2020,-2.4710,-0.3607,-1.4508,-0.5662,1.1651,-0.5006,0.0000,-0.1251
3769.2707,1,0.2020,-2.4710,-0.3607,-1.4509,-0.5683,1.1650,-0.4984,0.0000,-0.1246
3769.2873,1,0.2020,-2.4710,-0.3605,-1.4508,-0.5701,1.1650,-0.4968,0.0000,-0.1242
3769.3040,1,0.2020,-2.4710,-0.3605,-1.4508,-0.5722,1.1650,-0.4948,0.0000,-0.1237
3769.3207,1,0.2020,-2.4710,-0.3604,-1.4508,-0.5742,1.1650,-0.4928,0.0000,-0.1232
3769.3373,1,0.2020,-2.4710,-0.3604,-1.4507,-0.5762,1.1650,-0.4908,0.0000,-0.1227
3769.3540,1,0.2020,-2.4710,-0.3603,-1.4507,-0.5782,1.1650,-0.4889,0.0000,-0.1222
3769.3707,1,0.2020,-2.4710,-0.3603,-1.4507,-0.5800,1.1650,-0.4871,0.0000,-0.1218
3769.3873,1,0.2020,-2.4710,-0.3602,-1.4507,-0.5821,1.1649,-0.4851,0.0000,-0.1213
3769.4040,1,0.2020,-2.4710,-0.3602,-1.4507,-0.5841,1.1649,-0.4831,0.0000,-0.1208
3769.4207,1,0.2020,-2.4710,-0.3602,-1.4507,-0.5860,1.1649,-0.4812,0.0000,-0.1203
3769.4373,1,0.2020,-2.4710,-0.3601,-1.4507,-0.5879,1.1649,-0.4793,0.0000,-0.1198
3769.4540,1,0.2020,-2.4710,-0.3600,-1.4507,-0.5899,1.1648,-0.4774,0.0000,-0.1193
3769.4707,1,0.2020,-2.4710,-0.3600,-1.4507,-0.5920,1.1649,-0.4754,0.0000,-0.1188
3769.4873,1,0.2020,-2.4710,-0.3600,-1.4507,-0.5939,1.1648,-0.4734,0.0000,-0.1184
3769.5040,1,0.2020,-2.4710,-0.3600,-1.4507,-0.5939,1.1648,-0.4734,0.0000,-0.1184
3769.5207,1,0.2020,-2.4710,-0.3599,-1.4506,-0.5977,1.1649,-0.4698,0.0000,-0.1175
3769.5373,1,0.2020,-2.4710,-0.3598,-1.4506,-0.5999,1.1649,-0.4676,0.0000,-0.1169
3769.5540,1,0.2020,-2.4710,-0.3598,-1.4506,-0.6018,1.1649,-0.4657,0.0000,-0.1164
3769.5706,1,0.2020,-2.4710,-0.3598,-1.4507,-0.6040,1.1648,-0.4635,0.0000,-0.1159
3769.5873,1,0.2020,-2.4710,-0.3598,-1.4506,-0.6057,1.1649,-0.4619,0.0000,-0.1155
3769.6040,1,0.2020,-2.4710,-0.3598,-1.4506,-0.6079,1.1648,-0.4596,0.0000,-0.1149
3769.6206,1,0.2020,-2.4710,-0.3598,-1.4506,-0.6098,1.1648,-0.4577,0.0000,-0.1144
3769.6373,1,0.2020,-2.4710,-0.3598,-1.4507,-0.6116,1.1648,-0.4559,0.0000,-0.1140
3769.6540,1,0.2020,-2.4710,-0.3599,-1.4508,-0.6134,1.1647,-0.4540,0.0000,-0.1135
3769.6706,1,0.2020,-2.4710,-0.3599,-1.4506,-0.6156,1.1649,-0.4519,0.0000,-0.1130
3769.6873,1,0.2020,-2.4710,-0.3599,-1.4506,-0.6180,1.1649,-0.4495,0.0000,-0.1124
3769.7040,1,0.2020,-2.4710,-0.3599,-1.4506,-0.6199,1.1648,-0.4476,0.0000,-0.1119
3769.7207,1,0.2020,-2.4710,-0.3598,-1.4507,-0.6216,1.1648,-0.4458,0.0000,-0.1115
3769.7373,1,0.2020,-2.4710,-0.3598,-1.4507,-0.6237,1.1648,-0.4438,0.0000,-0.1109
3769.7540,1,0.2020,-2.4710,-0.3599,-1.4507,-0.6256,1.1647,-0.4418,0.0000,-0.1105
3769.7707,1,0.2020,-2.4710,-0.3598,-1.4508,-0.6278,1.1646,-0.4396,0.0000,-0.1099
3769.7873,1,0.2020,-2.4710,-0.3598,-1.4509,-0.6298,1.1646,-0.4376,0.0000,-0.1094
3769.8040,1,0.2020,-2.4710,-0.3598,-1.4509,-0.6319,1.1646,-0.4355,0.0000,-0.1089
3769.8206,1,0.2020,-2.4710,-0.3597,-1.4509,-0.6339,1.1646,-0.4336,0.0000,-0.1084
3769.8373,1,0.2020,-2.4710,-0.3597,-1.4509,-0.6356,1.1645,-0.4318,0.0000,-0.1080
3769.8540,1,0.2020,-2.4710,-0.3597,-1.4510,-0.6371,1.1644,-0.4303,0.0000,-0.1076
3769.8707,1,0.2020,-2.4710,-0.3597,-1.4510,-0.6384,1.1645,-0.4290,0.0000,-0.1072
3769.8873,1,0.2020,-2.4710,-0.3597,-1.4509,-0.6398,1.1645,-0.4276,0.0000,-0.1069
3769.9040,1,0.2020,-2.4710,-0.3598,-1.4509,-0.6414,1.1646,-0.4260,0.0000,-0.1065
3769.9207,1,0.2020,-2.4710,-0.3598,-1.4508,-0.6432,1.1647,-0.4242,0.0000,-0.1061
3769.9373,1,0.2020,-2.4710,-0.3598,-1.4507,-0.6450,1.1648,-0.4225,0.0000,-0.1056
3769.9540,1,0.2020,-2.4710,-0.3597,-1.4507,-0.6467,1.1648,-0.4208,0.0000,-0.1052
3769.9707,1,0.2020,-2.4710,-0.3597,-1.4506,-0.6482,1.1648,-0.4194,0.0000,-0.1049
3769.9873,1,0.2020,-2.4710,-0.3596,-1.4506,-0.6497,1.1648,-0.4180,0.0000,-0.1045
3770.0040,1,0.2020,-2.4710,-0.3596,-1.4506,-0.6512,1.1648,-0.4164,0.0000,-0.1041
3770.0207,1,0.2020,-2.4710,-0.3598,-1.4506,-0.6529,1.1648,-0.4147,0.0000,-0.1037
3770.0373,1,0.2020,-2.4710,-0.3597,-1.4506,-0.6545,1.1648,-0.4131,0.0000,-0.1033
3770.0540,1,0.2020,-2.4710,-0.3597,-1.4505,-0.6561,1.1648,-0.4115,0.0000,-0.1029
3770.0707,1,0.2020,-2.4710,-0.3596,-1.4506,-0.6578,1.1647,-0.4098,0.0000,-0.1025
3770.0873,1,0.2020,-2.4710,-0.3596,-1.4506,-0.6595,1.1647,-0.4081,0.0000,-0.1020
3770.1040,1,0.2020,-2.4710,-0.3596,-1.4505,-0.6610,1.1648,-0.4067,0.0000,-0.1017
3770.1207,1,0.2020,-2.4710,-0.3595,-1.4505,-0.6629,1.1647,-0.4049,0.0000,-0.1012
3770.1373,1,0.2020,-2.4710,-0.3595,-1.4505,-0.6646,1.1647,-0.4032,0.0000,-0.1008
3770.1540,1,0.2020,-2.4710,-0.3595,-1.4504,-0.6659,1.1648,-0.4020,0.0000,-0.1005
3770.1707,1,0.2020,-2.4710,-0.3594,-1.4505,-0.6674,1.1648,-0.4005,0.0000,-0.1001
3770.1873,1,0.2020,-2.4710,-0.3594,-1.4505,-0.6689,1.1647,-0.3990,0.0000,-0.0997
3770.2040,1,0.2020,-2.4710,-0.3593,-1.4505,-0.6708,1.1646,-0.3971,0.0000,-0.0993
3770.2207,1,0.2020,-2.4710,-0.3592,-1.4505,-0.6725,1.1647,-0.3955,0.0000,-0.0989
3770.2373,1,0.2020,-2.4710,-0.3592,-1.4504,-0.6740,1.1647,-0.3940,0.0000,-0.0985
3770.2540,1,0.2020,-2.4710,-0.3591,-1.4504,-0.6757,1.1647,-0.3924,0.0000,-0.0981
3770.2707,1,0.2020,-2.4710,-0.3591,-1.4505,-0.6775,1.1646,-0.3906,0.0000,-0.0976
3770.2873,1,0.2020,-2.4710,-0.3590,-1.4506,-0.6792,1.1645,-0.3890,0.0000,-0.0972
3770.3040,1,0.2020,-2.4710,-0.3590,-1.4505,-0.6808,1.1645,-0.3874,0.0000,-0.0969
3770.3206,1,0.2020,-2.4710,-0.3590,-1.4505,-0.6824,1.1645,-0.3858,0.0000,-0.0964
3770.3373,1,0.2020,-2.4710,-0.3590,-1.4506,-0.6839,1.1644,-0.3843,0.0000,-0.0961
3770.3540,1,0.2020,-2.4710,-0.3589,-1.4508,-0.6855,1.1643,-0.3826,0.0000,-0.0957
3770.3707,1,0.2020,-2.4710,-0.3588,-1.4508,-0.6873,1.1642,-0.3809,0.0000,-0.0952
3770.3873,1,0.2020,-2.4710,-0.3587,-1.4507,-0.6892,1.1642,-0.3791,0.0000,-0.0948
3770.4040,1,0.2020,-2.4710,-0.3587,-1.4506,-0.6908,1.1643,-0.3775,0.0000,-0.0944
3770.4206,1,0.2020,-2.4710,-0.3586,-1.4507,-0.6924,1.1642,-0.3760,0.0000,-0.0940
3770.4373,1,0.2020,-2.4710,-0.3586,-1.4507,-0.6939,1.1642,-0.3745,0.0000,-0.0936
3770.4540,1,0.2020,-2.4710,-0.3585,-1.4507,-0.6955,1.1641,-0.3730,0.0000,-0.0932
3770.4706,1,0.2020,-2.4710,-0.3585,-1.4508,-0.6973,1.1640,-0.3712,0.0000,-0.0928
3770.4873,1,0.2020,-2.4710,-0.3584,-1.4509,-0.6988,1.1639,-0.3696,0.0000,-0.0924
3770.5040,1,0.2020,-2.4710,-0.3583,-1.4509,-0.7004,1.1638,-0.3681,0.0000,-0.0920
3770.5207,1,0.2020,-2.4710,-0.3582,-1.4510,-0.7022,1.1637,-0.3664,0.0000,-0.0916
3770.5373,1,0.2020,-2.4710,-0.3581,-1.4511,-0.7039,1.1636,-0.3648,0.0000,-0.0912
3770.5540,1,0.2020,-2.4710,-0.3581,-1.4510,-0.7054,1.1636,-0.3633,0.0000,-0.0908
3770.5707,1,0.2020,-2.4710,-0.3580,-1.4510,-0.7068,1.1636,-0.3618,0.0000,-0.0905
3770.5873,1,0.2020,-2.4710,-0.3580,-1.4511,-0.7084,1.1636,-0.3602,0.0000,-0.0901
3770.6040,1,0.2020,-2.4710,-0.3579,-1.4512,-0.7101,1.1634,-0.3587,0.0000,-0.0897
3770.6207,1,0.2020,-2.4710,-0.3578,-1.4511,-0.7112,1.1634,-0.3576,0.0000,-0.0894
3770.6373,1,0.2020,-2.4710,-0.3578,-1.4511,-0.7124,1.1634,-0.3564,0.0000,-0.0891
3770.6540,1,0.2020,-2.4710,-0.3578,-1.4512,-0.7135,1.1633,-0.3553,0.0000,-0.0888
3770.6707,1,0.2020,-2.4710,-0.3578,-1.4511,-0.7147,1.1634,-0.3541,0.0000,-0.0885
3770.6873,1,0.2020,-2.4710,-0.3577,-1.4512,-0.7159,1.1633,-0.3529,0.0000,-0.0882
3770.7040,1,0.2020,-2.4710,-0.3577,-1.4511,-0.7175,1.1634,-0.3514,0.0000,-0.0879
3770.7207,1,0.2020,-2.4710,-0.3576,-1.4510,-0.7189,1.1635,-0.3502,0.0000,-0.0875
3770.7373,1,0.2020,-2.4710,-0.3575,-1.4509,-0.7200,1.1635,-0.3491,0.0000,-0.0873
3770.7540,1,0.2020,-2.4710,-0.3575,-1.4509,-0.7212,1.1634,-0.3479,0.0000,-0.0870
3770.7706,1,0.2020,-2.4710,-0.3575,-1.4509,-0.7223,1.1635,-0.3469,0.0000,-0.0867
3770.7873,1,0.2020,-2.4710,-0.3575,-1.4507,-0.7234,1.1636,-0.3459,0.0000,-0.0865
3770.8040,1,0.2020,-2.4710,-0.3574,-1.4507,-0.7249,1.1636,-0.3444,0.0000,-0.0861
3770.8207,1,0.2020,-2.4710,-0.3573,-1.4506,-0.7262,1.1636,-0.3431,0.0000,-0.0858
3770.8374,1,0.2020,-2.4710,-0.3573,-1.4506,-0.7276,1.1637,-0.3419,0.0000,-0.0855
3770.8540,1,0.2020,-2.4710,-0.3573,-1.4505,-0.7289,1.1637,-0.3406,0.0000,-0.0851
3770.8707,1,0.2020,-2.4710,-0.3573,-1.4505,-0.7302,1.1637,-0.3392,0.0000,-0.0848
3770.8873,1,0.2020,-2.4710,-0.3572,-1.4506,-0.7316,1.1636,-0.3379,0.0000,-0.0845
3770.9040,1,0.2020,-2.4710,-0.3571,-1.4506,-0.7328,1.1635,-0.3367,0.0000,-0.0842
3770.9207,1,0.2020,-2.4710,-0.3571,-1.4506,-0.7338,1.1635,-0.3357,0.0000,-0.0839
3770.9373,1,0.2020,-2.4710,-0.3571,-1.4506,-0.7352,1.1635,-0.3344,0.0000,-0.0836
3770.9540,1,0.2020,-2.4710,-0.3570,-1.4505,-0.7366,1.1636,-0.3331,0.0000,-0.0833
3770.9706,1,0.2020,-2.4710,-0.3570,-1.4504,-0.7380,1.1636,-0.3317,0.0000,-0.0829
3770.9873,1,0.2020,-2.4710,-0.3569,-1.4503,-0.7394,1.1637,-0.3305,0.0000,-0.0826
3771.0040,1,0.2020,-2.4710,-0.3568,-1.4503,-0.7408,1.1636,-0.3291,0.0000,-0.0823
3771.0207,1,0.2020,-2.4710,-0.3568,-1.4503,-0.7420,1.1637,-0.3279,0.0000,-0.0820
3771.0373,1,0.2020,-2.4710,-0.3567,-1.4504,-0.7432,1.1636,-0.3268,0.0000,-0.0817
3771.0540,1,0.2020,-2.4710,-0.3567,-1.4504,-0.7446,1.1635,-0.3254,0.0000,-0.0813
3771.0707,1,0.2020,-2.4710,-0.3568,-1.4504,-0.7460,1.1635,-0.3239,0.0000,-0.0810
3771.0873,1,0.2020,-2.4710,-0.3568,-1.4504,-0.7475,1.1636,-0.3224,0.0000,-0.0806
3771.1040,1,0.2020,-2.4710,-0.3568,-1.4504,-0.7488,1.1636,-0.3210,0.0000,-0.0803
3771.1207,1,0.2020,-2.4710,-0.3569,-1.4504,-0.7500,1.1636,-0.3198,0.0000,-0.0800
3771.1373,1,0.2020,-2.4710,-0.3569,-1.4505,-0.7512,1.1636,-0.3186,0.0000,-0.0796
3771.1540,1,0.2020,-2.4710,-0.3569,-1.4505,-0.7526,1.1636,-0.3172,0.0000,-0.0793
3771.1707,1,0.2020,-2.4710,-0.3568,-1.4504,-0.7539,1.1636,-0.3160,0.0000,-0.0790
3771.1873,1,0.2020,-2.4710,-0.3567,-1.4504,-0.7554,1.1635,-0.3146,0.0000,-0.0786
3771.2040,1,0.2020,-2.4710,-0.3567,-1.4504,-0.7568,1.1635,-0.3131,0.0000,-0.0783
3771.2207,1,0.2020,-2.4710,-0.3567,-1.4503,-0.7581,1.1636,-0.3119,0.0000,-0.0780
3771.2374,1,0.2020,-2.4710,-0.3568,-1.4503,-0.7593,1.1636,-0.3106,0.0000,-0.0776
3771.2540,1,0.2020,-2.4710,-0.3568,-1.4504,-0.7605,1.1636,-0.3093,0.0000,-0.0773
3771.2707,1,0.2020,-2.4710,-0.3568,-1.4504,-0.7618,1.1635,-0.3081,0.0000,-0.0770
3771.2873,1,0.2020,-2.4710,-0.3568,-1.4505,-0.7633,1.1635,-0.3066,0.0000,-0.0766
3771.3040,1,0.2020,-2.4710,-0.3568,-1.4503,-0.7644,1.1636,-0.3054,0.0000,-0.0764
3771.3207,1,0.2020,-2.4710,-0.3567,-1.4504,-0.7658,1.1636,-0.3041,0.0000,-0.0760
3771.3373,1,0.2020,-2.4710,-0.3566,-1.4503,-0.7673,1.1636,-0.3028,0.0000,-0.0757
3771.3540,1,0.2020,-2.4710,-0.3566,-1.4503,-0.7688,1.1635,-0.3013,0.0000,-0.0753
3771.3707,1,0.2020,-2.4710,-0.3565,-1.4503,-0.7700,1.1635,-0.3001,0.0000,-0.0750
3771.3873,1,0.2020,-2.4710,-0.3564,-1.4503,-0.7714,1.1635,-0.2988,0.0000,-0.0747
3771.4040,1,0.2020,-2.4710,-0.3565,-1.4502,-0.7726,1.1635,-0.2976,0.0000,-0.0744
3771.4207,1,0.2020,-2.4710,-0.3565,-1.4502,-0.7739,1.1635,-0.2963,0.0000,-0.0741
3771.4373,1,0.2020,-2.4710,-0.3565,-1.4503,-0.7752,1.1635,-0.2949,0.0000,-0.0737
3771.4540,1,0.2020,-2.4710,-0.3565,-1.4503,-0.7765,1.1635,-0.2936,0.0000,-0.0734
3771.4707,1,0.2020,-2.4710,-0.3564,-1.4504,-0.7780,1.1633,-0.2921,0.0000,-0.0730
3771.4873,1,0.2020,-2.4710,-0.3563,-1.4505,-0.7794,1.1633,-0.2908,0.0000,-0.0727
3771.5040,1,0.2020,-2.4710,-0.3563,-1.4504,-0.7808,1.1633,-0.2895,0.0000,-0.0724
3771.5207,1,0.2020,-2.4710,-0.3563,-1.4505,-0.7820,1.1632,-0.2882,0.0000,-0.0720
3771.5373,1,0.2020,-2.4710,-0.3563,-1.4505,-0.7830,1.1632,-0.2872,0.0000,-0.0718
3771.5540,1,0.2020,-2.4710,-0.3563,-1.4506,-0.7839,1.1632,-0.2863,0.0000,-0.0716
3771.5707,1,0.2020,-2.4710,-0.3564,-1.4505,-0.7845,1.1633,-0.2855,0.0000,-0.0714
3771.5873,1,0.2020,-2.4710,-0.3563,-1.4506,-0.7855,1.1632,-0.2847,0.0000,-0.0712
3771.6040,1,0.2020,-2.4710,-0.3563,-1.4506,-0.7865,1.1632,-0.2837,0.0000,-0.0709
3771.6207,1,0.2020,-2.4710,-0.3563,-1.4505,-0.7876,1.1632,-0.2826,0.0000,-0.0706
3771.6373,1,0.2020,-2.4710,-0.3563,-1.4506,-0.7889,1.1632,-0.2812,0.0000,-0.0703
3771.6540,1,0.2020,-2.4710,-0.3563,-1.4506,-0.7898,1.1631,-0.2804,0.0000,-0.0701
3771.6707,1,0.2020,-2.4710,-0.3562,-1.4506,-0.7906,1.1631,-0.2796,0.0000,-0.0699
3771.6873,1,0.2020,-2.4710,-0.3562,-1.4507,-0.7915,1.1631,-0.2787,0.0000,-0.0697
3771.7040,1,0.2020,-2.4710,-0.3561,-1.4507,-0.7926,1.1630,-0.2776,0.0000,-0.0694
3771.7207,1,0.2020,-2.4710,-0.3561,-1.4506,-0.7937,1.1630,-0.2766,0.0000,-0.0691
3771.7373,1,0.2020,-2.4710,-0.3561,-1.4506,-0.7948,1.1630,-0.2755,0.0000,-0.0689
3771.7540,1,0.2020,-2.4710,-0.3561,-1.4506,-0.7958,1.1630,-0.2745,0.0000,-0.0686
3771.7707,1,0.2020,-2.4710,-0.3561,-1.4507,-0.7967,1.1630,-0.2736,0.0000,-0.0684
3771.7873,1,0.2020,-2.4710,-0.3561,-1.4507,-0.7976,1.1630,-0.2727,0.0000,-0.0682
3771.8040,1,0.2020,-2.4710,-0.3561,-1.4507,-0.7986,1.1629,-0.2716,0.0000,-0.0679
3771.8207,1,0.2020,-2.4710,-0.3561,-1.4509,-0.7995,1.1628,-0.2707,0.0000,-0.0677
3771.8373,1,0.2020,-2.4710,-0.3561,-1.4509,-0.8005,1.1628,-0.2697,0.0000,-0.0674
3771.8540,1,0.2020,-2.4710,-0.3561,-1.4509,-0.8013,1.1628,-0.2689,0.0000,-0.0672
3771.8707,1,0.2020,-2.4710,-0.3561,-1.4508,-0.8024,1.1629,-0.2679,0.0000,-0.0670
3771.8873,1,0.2020,-2.4710,-0.3560,-1.4507,-0.8035,1.1629,-0.2668,0.0000,-0.0667
3771.9040,1,0.2020,-2.4710,-0.3560,-1.4507,-0.8045,1.1629,-0.2658,0.0000,-0.0665
3771.9207,1,0.2020,-2.4710,-0.3560,-1.4507,-0.8055,1.1629,-0.2649,0.0000,-0.0662
3771.9374,1,0.2020,-2.4710,-0.3559,-1.4507,-0.8065,1.1629,-0.2639,0.0000,-0.0660
3771.9541,1,0.2020,-2.4710,-0.3559,-1.4508,-0.8076,1.1628,-0.2628,0.0000,-0.0657
3771.9707,1,0.2020,-2.4710,-0.3558,-1.4508,-0.8086,1.1628,-0.2619,0.0000,-0.0655
3771.9873,1,0.2020,-2.4710,-0.3559,-1.4508,-0.8095,1.1628,-0.2609,0.0000,-0.0652
3772.0040,1,0.2020,-2.4710,-0.3559,-1.4509,-0.8106,1.1627,-0.2598,0.0000,-0.0649
3772.0207,1,0.2020,-2.4710,-0.3559,-1.4509,-0.8115,1.1627,-0.2588,0.0000,-0.0647
3772.0373,1,0.2020,-2.4710,-0.3559,-1.4509,-0.8125,1.1627,-0.2578,0.0000,-0.0644
3772.0540,1,0.2020,-2.4710,-0.3561,-1.4509,-0.8134,1.1628,-0.2568,0.0000,-0.0642
3772.0707,1,0.2020,-2.4710,-0.3558,-1.4510,-0.8139,1.1626,-0.2564,0.0000,-0.0641
3772.0873,1,0.2020,-2.4710,-0.3561,-1.4514,-0.8150,1.1623,-0.2549,0.0000,-0.0637
3772.1040,1,0.2020,-2.4710,-0.3561,-1.4514,-0.8159,1.1623,-0.2540,0.0000,-0.0635
3772.1207,1,0.2020,-2.4710,-0.3560,-1.4515,-0.8170,1.1622,-0.2530,0.0000,-0.0633
3772.1373,1,0.2020,-2.4710,-0.3560,-1.4514,-0.8180,1.1623,-0.2520,0.0000,-0.0630
3772.1540,1,0.2020,-2.4710,-0.3560,-1.4514,-0.8190,1.1623,-0.2511,0.0000,-0.0628
3772.1707,1,0.2020,-2.4710,-0.3559,-1.4515,-0.8201,1.1622,-0.2500,0.0000,-0.0625
3772.1873,1,0.2020,-2.4710,-0.3558,-1.4514,-0.8210,1.1622,-0.2492,0.0000,-0.0623
3772.2040,1,0.2020,-2.4710,-0.3558,-1.4515,-0.8221,1.1621,-0.2480,0.0000,-0.0620
3772.2207,1,0.2020,-2.4710,-0.3558,-1.4514,-0.8229,1.1622,-0.2473,0.0000,-0.0618
3772.2373,1,0.2020,-2.4710,-0.3558,-1.4515,-0.8239,1.1621,-0.2463,0.0000,-0.0616
3772.2540,1,0.2020,-2.4710,-0.3557,-1.4515,-0.8248,1.1621,-0.2454,0.0000,-0.0614
3772.2707,1,0.2020,-2.4710,-0.3558,-1.4516,-0.8259,1.1620,-0.2442,0.0000,-0.0611
3772.2873,1,0.2020,-2.4710,-0.3554,-1.4513,-0.8267,1.1621,-0.2438,0.0000,-0.0609
3772.3040,1,0.2020,-2.4710,-0.3553,-1.4513,-0.8279,1.1620,-0.2427,0.0000,-0.0607
3772.3206,1,0.2020,-2.4710,-0.3554,-1.4512,-0.8289,1.1622,-0.2417,0.0000,-0.0604
3772.3373,1,0.2020,-2.4710,-0.3553,-1.4512,-0.8305,1.1622,-0.2402,0.0000,-0.0600
3772.3540,1,0.2020,-2.4710,-0.3550,-1.4510,-0.8317,1.1622,-0.2392,0.0000,-0.0598
3772.3707,1,0.2020,-2.4710,-0.3550,-1.4510,-0.8327,1.1622,-0.2383,0.0000,-0.0596
3772.3873,1,0.2020,-2.4710,-0.3550,-1.4510,-0.8336,1.1622,-0.2374,0.0000,-0.0594
3772.4040,1,0.2020,-2.4710,-0.3550,-1.4510,-0.8346,1.1621,-0.2363,0.0000,-0.0591
3772.4207,1,0.2020,-2.4710,-0.3549,-1.4510,-0.8355,1.1621,-0.2355,0.0000,-0.0589
3772.4373,1,0.2020,-2.4710,-0.3549,-1.4511,-0.8364,1.1621,-0.2346,0.0000,-0.0586
3772.4540,1,0.2020,-2.4710,-0.3549,-1.4511,-0.8374,1.1620,-0.2336,0.0000,-0.0584
3772.4707,1,0.2020,-2.4710,-0.3548,-1.4512,-0.8386,1.1619,-0.2325,0.0000,-0.0581
3772.4873,1,0.2020,-2.4710,-0.3547,-1.4512,-0.8395,1.1619,-0.2316,0.0000,-0.0579
3772.5040,1,0.2020,-2.4710,-0.3543,-1.4514,-0.8413,1.1615,-0.2300,0.0000,-0.0575
3772.5207,1,0.2020,-2.4710,-0.3543,-1.4514,-0.8424,1.1614,-0.2289,0.0000,-0.0572
3772.5373,1,0.2020,-2.4710,-0.3542,-1.4514,-0.8433,1.1614,-0.2280,0.0000,-0.0570
3772.5540,1,0.2020,-2.4710,-0.3543,-1.4514,-0.8443,1.1615,-0.2271,0.0000,-0.0568
3772.5707,1,0.2020,-2.4710,-0.3545,-1.4513,-0.8446,1.1617,-0.2266,0.0000,-0.0566
3772.5873,1,0.2020,-2.4710,-0.3546,-1.4514,-0.8455,1.1616,-0.2256,0.0000,-0.0564
3772.6040,1,0.2020,-2.4710,-0.3548,-1.4516,-0.8457,1.1615,-0.2251,0.0000,-0.0563
3772.6207,1,0.2020,-2.4710,-0.3551,-1.4520,-0.8469,1.1613,-0.2236,0.0000,-0.0559
3772.6374,1,0.2020,-2.4710,-0.3550,-1.4521,-0.8477,1.1612,-0.2227,0.0000,-0.0557
3772.6540,1,0.2020,-2.4710,-0.3550,-1.4523,-0.8487,1.1610,-0.2217,0.0000,-0.0554
3772.6707,1,0.2020,-2.4710,-0.3550,-1.4524,-0.8496,1.1609,-0.2208,0.0000,-0.0552
3772.6873,1,0.2020,-2.4710,-0.3552,-1.4525,-0.8504,1.1610,-0.2198,0.0000,-0.0550
3772.7040,1,0.2020,-2.4710,-0.3551,-1.4524,-0.8514,1.1610,-0.2189,0.0000,-0.0547
3772.7207,1,0.2020,-2.4710,-0.3550,-1.4525,-0.8523,1.1609,-0.2180,0.0000,-0.0545
3772.7373,1,0.2020,-2.4710,-0.3551,-1.4525,-0.8530,1.1609,-0.2173,0.0000,-0.0543
3772.7540,1,0.2020,-2.4710,-0.3552,-1.4525,-0.8535,1.1609,-0.2167,0.0000,-0.0542
3772.7706,1,0.2020,-2.4710,-0.3552,-1.4525,-0.8541,1.1610,-0.2161,0.0000,-0.0540
3772.7873,1,0.2020,-2.4710,-0.3553,-1.4528,-0.8541,1.1608,-0.2159,0.0000,-0.0540
3772.8040,1,0.2020,-2.4710,-0.3553,-1.4527,-0.8547,1.1608,-0.2153,0.0000,-0.0538
3772.8206,1,0.2020,-2.4710,-0.3552,-1.4527,-0.8554,1.1608,-0.2147,0.0000,-0.0537
3772.8373,1,0.2020,-2.4710,-0.3552,-1.4526,-0.8561,1.1608,-0.2140,0.0000,-0.0535
3772.8540,1,0.2020,-2.4710,-0.3549,-1.4523,-0.8571,1.1609,-0.2134,0.0000,-0.0533
3772.8707,1,0.2020,-2.4710,-0.3549,-1.4524,-0.8577,1.1609,-0.2127,0.0000,-0.0532
3772.8873,1,0.2020,-2.4710,-0.3549,-1.4525,-0.8583,1.1608,-0.2121,0.0000,-0.0530
3772.9040,1,0.2020,-2.4710,-0.3548,-1.4525,-0.8588,1.1608,-0.2117,0.0000,-0.0529
3772.9207,1,0.2020,-2.4710,-0.3553,-1.4526,-0.8593,1.1610,-0.2107,0.0000,-0.0527
3772.9373,1,0.2020,-2.4710,-0.3553,-1.4526,-0.8602,1.1609,-0.2099,0.0000,-0.0525
3772.9540,1,0.2020,-2.4710,-0.3551,-1.4525,-0.8609,1.1609,-0.2094,0.0000,-0.0523
3772.9707,1,0.2020,-2.4710,-0.3550,-1.4524,-0.8615,1.1610,-0.2089,0.0000,-0.0522
3772.9873,1,0.2020,-2.4710,-0.3551,-1.4524,-0.8621,1.1610,-0.2082,0.0000,-0.0521
3773.0040,1,0.2020,-2.4710,-0.3551,-1.4526,-0.8624,1.1608,-0.2079,0.0000,-0.0520
3773.0207,1,0.2020,-2.4710,-0.3553,-1.4527,-0.8630,1.1609,-0.2071,0.0000,-0.0518
3773.0374,1,0.2020,-2.4710,-0.3553,-1.4526,-0.8637,1.1609,-0.2064,0.0000,-0.0516
3773.0541,1,0.2020,-2.4710,-0.3553,-1.4526,-0.8643,1.1609,-0.2057,0.0000,-0.0514
3773.0706,1,0.2020,-2.4710,-0.3552,-1.4526,-0.8650,1.1608,-0.2051,0.0000,-0.0513
3773.0875,1,0.2020,-2.4710,-0.3553,-1.4526,-0.8657,1.1609,-0.2044,0.0000,-0.0511
3773.1040,1,0.2020,-2.4710,-0.3554,-1.4525,-0.8666,1.1611,-0.2035,0.0000,-0.0509
3773.1206,1,0.2020,-2.4710,-0.3559,-1.4514,-0.8643,1.1622,-0.2058,0.0000,-0.0514
3773.1373,1,0.2020,-2.4710,-0.3559,-1.4515,-0.8649,1.1622,-0.2052,0.0000,-0.0513
3773.1540,1,0.2020,-2.4710,-0.3557,-1.4513,-0.8653,1.1622,-0.2050,0.0000,-0.0512
3773.1707,1,0.2020,-2.4710,-0.3556,-1.4512,-0.8659,1.1622,-0.2046,0.0000,-0.0511
3773.1873,1,0.2020,-2.4710,-0.3558,-1.4513,-0.8668,1.1623,-0.2034,0.0000,-0.0509
3773.2040,1,0.2020,-2.4710,-0.3558,-1.4513,-0.8674,1.1623,-0.2028,0.0000,-0.0507
3773.2207,1,0.2020,-2.4710,-0.3558,-1.4512,-0.8681,1.1624,-0.2022,0.0000,-0.0505
3773.2373,1,0.2020,-2.4710,-0.3558,-1.4512,-0.8687,1.1624,-0.2016,0.0000,-0.0504
3773.2540,1,0.2020,-2.4710,-0.3558,-1.4512,-0.8693,1.1624,-0.2010,0.0000,-0.0502
3773.2706,1,0.2020,-2.4710,-0.3559,-1.4512,-0.8699,1.1624,-0.2003,0.0000,-0.0501
3773.2873,1,0.2020,-2.4710,-0.3559,-1.4513,-0.8708,1.1624,-0.1994,0.0000,-0.0498
3773.3040,1,0.2020,-2.4710,-0.3558,-1.4513,-0.8713,1.1623,-0.1989,0.0000,-0.0497
3773.3207,1,0.2020,-2.4710,-0.3558,-1.4513,-0.8721,1.1623,-0.1981,0.0000,-0.0495
3773.3373,1,0.2020,-2.4710,-0.3558,-1.4513,-0.8727,1.1623,-0.1975,0.0000,-0.0494
3773.3540,1,0.2020,-2.4710,-0.3558,-1.4512,-0.8734,1.1624,-0.1969,0.0000,-0.0492
3773.3707,1,0.2020,-2.4710,-0.3558,-1.4512,-0.8739,1.1624,-0.1964,0.0000,-0.0491
3773.3873,1,0.2020,-2.4710,-0.3557,-1.4511,-0.8745,1.1624,-0.1958,0.0000,-0.0490
3773.4040,1,0.2020,-2.4710,-0.3557,-1.4511,-0.8752,1.1625,-0.1952,0.0000,-0.0488
3773.4207,1,0.2020,-2.4710,-0.3556,-1.4510,-0.8756,1.1624,-0.1949,0.0000,-0.0487
3773.4373,1,0.2020,-2.4710,-0.3556,-1.4510,-0.8762,1.1625,-0.1943,0.0000,-0.0486
3773.4540,1,0.2020,-2.4710,-0.3556,-1.4510,-0.8768,1.1625,-0.1937,0.0000,-0.0484
3773.4707,1,0.2020,-2.4710,-0.3556,-1.4510,-0.8775,1.1625,-0.1930,0.0000,-0.0482
3773.4874,1,0.2020,-2.4710,-0.3557,-1.4509,-0.8782,1.1625,-0.1923,0.0000,-0.0481
3773.5040,1,0.2020,-2.4710,-0.3557,-1.4509,-0.8790,1.1626,-0.1915,0.0000,-0.0479
3773.5207,1,0.2020,-2.4710,-0.3557,-1.4509,-0.8796,1.1626,-0.1909,0.0000,-0.0477
3773.5374,1,0.2020,-2.4710,-0.3557,-1.4509,-0.8802,1.1626,-0.1903,0.0000,-0.0476
3773.5540,1,0.2020,-2.4710,-0.3557,-1.4507,-0.8810,1.1627,-0.1895,0.0000,-0.0474
3773.5707,1,0.2020,-2.4710,-0.3557,-1.4505,-0.8820,1.1629,-0.1886,0.0000,-0.0471
3773.5873,1,0.2020,-2.4710,-0.3557,-1.4505,-0.8828,1.1629,-0.1878,0.0000,-0.0470
3773.6040,1,0.2020,-2.4710,-0.3556,-1.4505,-0.8835,1.1629,-0.1872,0.0000,-0.0468
3773.6207,1,0.2020,-2.4710,-0.3556,-1.4505,-0.8842,1.1629,-0.1865,0.0000,-0.0466
3773.6374,1,0.2020,-2.4710,-0.3557,-1.4505,-0.8849,1.1630,-0.1857,0.0000,-0.0464
3773.6540,1,0.2020,-2.4710,-0.3557,-1.4504,-0.8857,1.1630,-0.1850,0.0000,-0.0462
3773.6707,1,0.2020,-2.4710,-0.3557,-1.4504,-0.8862,1.1631,-0.1845,0.0000,-0.0461
3773.6873,1,0.2020,-2.4710,-0.3557,-1.4502,-0.8870,1.1632,-0.1837,0.0000,-0.0459
3773.7040,1,0.2020,-2.4710,-0.3557,-1.4507,-0.8867,1.1628,-0.1839,0.0000,-0.0460
3773.7207,1,0.2020,-2.4710,-0.3557,-1.4507,-0.8872,1.1628,-0.1834,0.0000,-0.0458
3773.7373,1,0.2020,-2.4710,-0.3557,-1.4506,-0.8880,1.1629,-0.1826,0.0000,-0.0456
3773.7540,1,0.2020,-2.4710,-0.3557,-1.4505,-0.8887,1.1629,-0.1819,0.0000,-0.0455
3773.7707,1,0.2020,-2.4710,-0.3557,-1.4505,-0.8897,1.1630,-0.1810,0.0000,-0.0453
3773.7873,1,0.2020,-2.4710,-0.3557,-1.4504,-0.8902,1.1630,-0.1805,0.0000,-0.0451
3773.8040,1,0.2020,-2.4710,-0.3556,-1.4502,-0.8907,1.1631,-0.1802,0.0000,-0.0450
3773.8207,1,0.2020,-2.4710,-0.3555,-1.4502,-0.8913,1.1631,-0.1796,0.0000,-0.0449
3773.8373,1,0.2020,-2.4710,-0.3554,-1.4501,-0.8920,1.1631,-0.1790,0.0000,-0.0448
3773.8540,1,0.2020,-2.4710,-0.3554,-1.4501,-0.8925,1.1632,-0.1785,0.0000,-0.0446
3773.8707,1,0.2020,-2.4710,-0.3554,-1.4501,-0.8930,1.1632,-0.1780,0.0000,-0.0445
3773.8873,1,0.2020,-2.4710,-0.3554,-1.4515,-0.8984,1.1619,-0.1720,0.0000,-0.0430
3773.9040,1,0.2020,-2.4710,-0.3555,-1.4529,-0.9033,1.1608,-0.1666,0.0000,-0.0416
3773.9207,1,0.2020,-2.4710,-0.3563,-1.4518,-0.9040,1.1621,-0.1657,0.0000,-0.0414
3773.9373,1,0.2020,-2.4710,-0.3563,-1.4519,-0.9045,1.1620,-0.1651,0.0000,-0.0413
3773.9540,1,0.2020,-2.4710,-0.3554,-1.4527,-0.9051,1.1608,-0.1648,0.0000,-0.0412
3773.9707,1,0.2020,-2.4710,-0.3553,-1.4524,-0.9041,1.1611,-0.1660,0.0000,-0.0415
3773.9873,1,0.2020,-2.4710,-0.3555,-1.4517,-0.9030,1.1618,-0.1673,0.0000,-0.0418
3774.0040,1,0.2020,-2.4710,-0.3554,-1.4513,-0.9027,1.1621,-0.1679,0.0000,-0.0420
3774.0207,1,0.2020,-2.4710,-0.3553,-1.4511,-0.9032,1.1623,-0.1675,0.0000,-0.0419
3774.0373,1,0.2020,-2.4710,-0.3554,-1.4511,-0.9039,1.1623,-0.1667,0.0000,-0.0417
3774.0540,1,0.2020,-2.4710,-0.3555,-1.4512,-0.9049,1.1623,-0.1656,0.0000,-0.0414
3774.0707,1,0.2020,-2.4710,-0.3556,-1.4513,-0.9061,1.1622,-0.1643,0.0000,-0.0411
3774.0873,1,0.2020,-2.4710,-0.3555,-1.4516,-0.9076,1.1619,-0.1627,0.0000,-0.0407
3774.1040,1,0.2020,-2.4710,-0.3556,-1.4518,-0.9087,1.1618,-0.1615,0.0000,-0.0404
3774.1207,1,0.2020,-2.4710,-0.3556,-1.4519,-0.9097,1.1617,-0.1604,0.0000,-0.0401
3774.1374,1,0.2020,-2.4710,-0.3556,-1.4518,-0.9105,1.1617,-0.1597,0.0000,-0.0399
3774.1540,1,0.2020,-2.4710,-0.3555,-1.4518,-0.9112,1.1617,-0.1591,0.0000,-0.0398
3774.1707,1,0.2020,-2.4710,-0.3555,-1.4518,-0.9117,1.1618,-0.1586,0.0000,-0.0396
3774.1873,1,0.2020,-2.4710,-0.3553,-1.4518,-0.9123,1.1616,-0.1582,0.0000,-0.0395
3774.2040,1,0.2020,-2.4710,-0.3553,-1.4515,-0.9127,1.1619,-0.1578,0.0000,-0.0395
3774.2207,1,0.2020,-2.4710,-0.3553,-1.4514,-0.9130,1.1620,-0.1575,0.0000,-0.0394
3774.2373,1,0.2020,-2.4710,-0.3554,-1.4513,-0.9133,1.1621,-0.1573,0.0000,-0.0393
3774.2540,1,0.2020,-2.4710,-0.3554,-1.4512,-0.9138,1.1622,-0.1568,0.0000,-0.0392
3774.2707,1,0.2020,-2.4710,-0.3554,-1.4511,-0.9143,1.1623,-0.1563,0.0000,-0.0391
3774.2873,1,0.2020,-2.4710,-0.3555,-1.4510,-0.9150,1.1624,-0.1556,0.0000,-0.0389
3774.3040,1,0.2020,-2.4710,-0.3555,-1.4510,-0.9156,1.1624,-0.1550,0.0000,-0.0388
3774.3207,1,0.2020,-2.4710,-0.3555,-1.4510,-0.9165,1.1624,-0.1541,0.0000,-0.0385
3774.3373,1,0.2020,-2.4710,-0.3552,-1.4504,-0.9153,1.1628,-0.1557,0.0000,-0.0389
3774.3540,1,0.2020,-2.4710,-0.3549,-1.4501,-0.9148,1.1629,-0.1567,0.0000,-0.0392
3774.3707,1,0.2020,-2.4710,-0.3552,-1.4489,-0.9124,1.1641,-0.1593,0.0000,-0.0398
3774.3873,1,0.2020,-2.4710,-0.3553,-1.4489,-0.9130,1.1642,-0.1586,0.0000,-0.0397
3774.4040,1,0.2020,-2.4710,-0.3553,-1.4488,-0.9135,1.1642,-0.1581,0.0000,-0.0395
3774.4207,1,0.2020,-2.4710,-0.3552,-1.4488,-0.9140,1.1642,-0.1577,0.0000,-0.0394
3774.4373,1,0.2020,-2.4710,-0.3553,-1.4489,-0.9147,1.1642,-0.1570,0.0000,-0.0392
3774.4540,1,0.2020,-2.4710,-0.3552,-1.4488,-0.9151,1.1642,-0.1566,0.0000,-0.0392
3774.4707,1,0.2020,-2.4710,-0.3553,-1.4489,-0.9161,1.1642,-0.1555,0.0000,-0.0389
3774.4873,1,0.2020,-2.4710,-0.3551,-1.4488,-0.9165,1.1642,-0.1553,0.0000,-0.0388
3774.5040,1,0.2020,-2.4710,-0.3552,-1.4487,-0.9172,1.1642,-0.1546,0.0000,-0.0386
3774.5207,1,0.2020,-2.4710,-0.3551,-1.4487,-0.9179,1.1643,-0.1540,0.0000,-0.0385
3774.5373,1,0.2020,-2.4710,-0.3551,-1.4486,-0.9185,1.1643,-0.1534,0.0000,-0.0383
3774.5540,1,0.2020,-2.4710,-0.3551,-1.4485,-0.9193,1.1644,-0.1527,0.0000,-0.0382
3774.5707,1,0.2020,-2.4710,-0.3550,-1.4485,-0.9197,1.1644,-0.1522,0.0000,-0.0381
3774.5873,1,0.2020,-2.4710,-0.3550,-1.4485,-0.9204,1.1644,-0.1516,0.0000,-0.0379
3774.6040,1,0.2020,-2.4710,-0.3551,-1.4485,-0.9209,1.1644,-0.1511,0.0000,-0.0378
3774.6207,1,0.2020,-2.4710,-0.3551,-1.4484,-0.9215,1.1645,-0.1505,0.0000,-0.0376
3774.6373,1,0.2020,-2.4710,-0.3550,-1.4484,-0.9221,1.1645,-0.1500,0.0000,-0.0375
3774.6540,1,0.2020,-2.4710,-0.3551,-1.4484,-0.9230,1.1645,-0.1490,0.0000,-0.0373
3774.6707,1,0.2020,-2.4710,-0.3551,-1.4483,-0.9237,1.1646,-0.1483,0.0000,-0.0371
3774.6873,1,0.2020,-2.4710,-0.3551,-1.4483,-0.9243,1.1646,-0.1477,0.0000,-0.0369
3774.7040,1,0.2020,-2.4710,-0.3551,-1.4482,-0.9250,1.1647,-0.1471,0.0000,-0.0368
3774.7207,1,0.2020,-2.4710,-0.3546,-1.4491,-0.9280,1.1636,-0.1441,0.0000,-0.0360
3774.7373,1,0.2020,-2.4710,-0.3543,-1.4490,-0.9285,1.1636,-0.1439,0.0000,-0.0360
3774.7540,1,0.2020,-2.4710,-0.3543,-1.4489,-0.9291,1.1637,-0.1432,0.0000,-0.0358
3774.7707,1,0.2020,-2.4710,-0.3545,-1.4490,-0.9299,1.1637,-0.1422,0.0000,-0.0356
3774.7873,1,0.2020,-2.4710,-0.3546,-1.4490,-0.9306,1.1637,-0.1414,0.0000,-0.0354
3774.8040,1,0.2020,-2.4710,-0.3547,-1.4491,-0.9313,1.1637,-0.1407,0.0000,-0.0352
3774.8206,1,0.2020,-2.4710,-0.3551,-1.4481,-0.9291,1.1648,-0.1430,0.0000,-0.0357
3774.8374,1,0.2020,-2.4710,-0.3551,-1.4481,-0.9293,1.1647,-0.1428,0.0000,-0.0357
3774.8539,1,0.2020,-2.4710,-0.3551,-1.4481,-0.9294,1.1648,-0.1427,0.0000,-0.0357
3774.8707,1,0.2020,-2.4710,-0.3551,-1.4481,-0.9295,1.1648,-0.1426,0.0000,-0.0357
3774.8873,1,0.2020,-2.4710,-0.3551,-1.4481,-0.9298,1.1648,-0.1423,0.0000,-0.0356
3774.9039,1,0.2020,-2.4710,-0.3549,-1.4480,-0.9299,1.1647,-0.1424,0.0000,-0.0356
3774.9207,1,0.2020,-2.4710,-0.3550,-1.4480,-0.9307,1.1648,-0.1415,0.0000,-0.0354
3774.9373,1,0.2020,-2.4710,-0.3550,-1.4480,-0.9312,1.1648,-0.1411,0.0000,-0.0353
3774.9540,1,0.2020,-2.4710,-0.3549,-1.4479,-0.9313,1.1648,-0.1410,0.0000,-0.0353
3774.9707,1,0.2020,-2.4710,-0.3549,-1.4479,-0.9315,1.1648,-0.1408,0.0000,-0.0352
3774.9873,1,0.2020,-2.4710,-0.3549,-1.4479,-0.9317,1.1648,-0.1407,0.0000,-0.0352
3775.0040,1,0.2020,-2.4710,-0.3549,-1.4479,-0.9319,1.1648,-0.1404,0.0000,-0.0351
3775.0206,1,0.2020,-2.4710,-0.3549,-1.4479,-0.9323,1.1649,-0.1399,0.0000,-0.0350
3775.0373,1,0.2020,-2.4710,-0.3549,-1.4478,-0.9330,1.1649,-0.1393,0.0000,-0.0348
3775.0540,1,0.2020,-2.4710,-0.3549,-1.4478,-0.9334,1.1649,-0.1390,0.0000,-0.0347
3775.0707,1,0.2020,-2.4710,-0.3549,-1.4478,-0.9336,1.1649,-0.1387,0.0000,-0.0347
3775.0873,1,0.2020,-2.4710,-0.3549,-1.4478,-0.9339,1.1649,-0.1384,0.0000,-0.0346
3775.1040,1,0.2020,-2.4710,-0.3549,-1.4478,-0.9341,1.1649,-0.1383,0.0000,-0.0346
3775.1207,1,0.2020,-2.4710,-0.3549,-1.4478,-0.9344,1.1649,-0.1379,0.0000,-0.0345
3775.1373,1,0.2020,-2.4710,-0.3548,-1.4478,-0.9344,1.1649,-0.1380,0.0000,-0.0345
3775.1540,1,0.2020,-2.4710,-0.3549,-1.4478,-0.9350,1.1650,-0.1374,0.0000,-0.0344
3775.1707,1,0.2020,-2.4710,-0.3549,-1.4478,-0.9353,1.1649,-0.1371,0.0000,-0.0343
3775.1873,1,0.2020,-2.4710,-0.3549,-1.4478,-0.9356,1.1650,-0.1368,0.0000,-0.0342
3775.2039,1,0.2020,-2.4710,-0.3549,-1.4478,-0.9358,1.1650,-0.1366,0.0000,-0.0341
3775.2207,1,0.2020,-2.4710,-0.3549,-1.4478,-0.9361,1.1650,-0.1363,0.0000,-0.0341
3775.2373,1,0.2020,-2.4710,-0.3549,-1.4478,-0.9363,1.1650,-0.1361,0.0000,-0.0340
3775.2540,1,0.2020,-2.4710,-0.3548,-1.4478,-0.9365,1.1649,-0.1359,0.0000,-0.0340
3775.2707,1,0.2020,-2.4710,-0.3548,-1.4477,-0.9368,1.1649,-0.1357,0.0000,-0.0339
3775.2873,1,0.2020,-2.4710,-0.3548,-1.4477,-0.9373,1.1649,-0.1352,0.0000,-0.0338
3775.3039,1,0.2020,-2.4710,-0.3548,-1.4477,-0.9377,1.1650,-0.1348,0.0000,-0.0337
3775.3207,1,0.2020,-2.4710,-0.3548,-1.4477,-0.9381,1.1650,-0.1345,0.0000,-0.0336
3775.3373,1,0.2020,-2.4710,-0.3548,-1.4476,-0.9383,1.1650,-0.1342,0.0000,-0.0336
3775.3540,1,0.2020,-2.4710,-0.3548,-1.4476,-0.9386,1.1650,-0.1340,0.0000,-0.0335
3775.3707,1,0.2020,-2.4710,-0.3547,-1.4475,-0.9391,1.1651,-0.1335,0.0000,-0.0334
3775.3873,1,0.2020,-2.4710,-0.3548,-1.4475,-0.9394,1.1651,-0.1332,0.0000,-0.0333
3775.4040,1,0.2020,-2.4710,-0.3548,-1.4475,-0.9397,1.1651,-0.1328,0.0000,-0.0332
3775.4207,1,0.2020,-2.4710,-0.3548,-1.4476,-0.9400,1.1651,-0.1325,0.0000,-0.0331
3775.4373,1,0.2020,-2.4710,-0.3547,-1.4476,-0.9402,1.1650,-0.1324,0.0000,-0.0331
3775.4540,1,0.2020,-2.4710,-0.3548,-1.4476,-0.9406,1.1651,-0.1319,0.0000,-0.0330
3775.4707,1,0.2020,-2.4710,-0.3548,-1.4475,-0.9411,1.1652,-0.1315,0.0000,-0.0329
3775.4873,1,0.2020,-2.4710,-0.3547,-1.4474,-0.9414,1.1652,-0.1313,0.0000,-0.0328
3775.5040,1,0.2020,-2.4710,-0.3547,-1.4474,-0.9417,1.1652,-0.1310,0.0000,-0.0328
3775.5207,1,0.2020,-2.4710,-0.3547,-1.4474,-0.9418,1.1653,-0.1308,0.0000,-0.0327
3775.5373,1,0.2020,-2.4710,-0.3547,-1.4473,-0.9420,1.1653,-0.1307,0.0000,-0.0327
3775.5540,1,0.2020,-2.4710,-0.3547,-1.4473,-0.9426,1.1653,-0.1301,0.0000,-0.0325
3775.5707,1,0.2020,-2.4710,-0.3548,-1.4473,-0.9430,1.1653,-0.1297,0.0000,-0.0324
3775.5873,1,0.2020,-2.4710,-0.3547,-1.4473,-0.9432,1.1653,-0.1294,0.0000,-0.0324
3775.6040,1,0.2020,-2.4710,-0.3547,-1.4473,-0.9436,1.1653,-0.1291,0.0000,-0.0323
3775.6207,1,0.2020,-2.4710,-0.3547,-1.4473,-0.9439,1.1653,-0.1288,0.0000,-0.0322
3775.6373,1,0.2020,-2.4710,-0.3546,-1.4473,-0.9441,1.1653,-0.1287,0.0000,-0.0322
3775.6540,1,0.2020,-2.4710,-0.3545,-1.4472,-0.9443,1.1653,-0.1286,0.0000,-0.0322
3775.6707,1,0.2020,-2.4710,-0.3543,-1.4483,-0.9482,1.1642,-0.1244,0.0000,-0.0311
3775.6873,1,0.2020,-2.4710,-0.3553,-1.4492,-0.9540,1.1639,-0.1174,0.0000,-0.0293
3775.7040,1,0.2020,-2.4710,-0.3557,-1.4486,-0.9545,1.1646,-0.1169,0.0000,-0.0292
3775.7207,1,0.2020,-2.4710,-0.3554,-1.4488,-0.9545,1.1643,-0.1170,0.0000,-0.0293
3775.7373,1,0.2020,-2.4710,-0.3548,-1.4496,-0.9543,1.1633,-0.1174,0.0000,-0.0293
3775.7540,1,0.2020,-2.4710,-0.3547,-1.4490,-0.9524,1.1638,-0.1196,0.0000,-0.0299
3775.7706,1,0.2020,-2.4710,-0.3545,-1.4484,-0.9512,1.1642,-0.1212,0.0000,-0.0303
3775.7873,1,0.2020,-2.4710,-0.3544,-1.4486,-0.9506,1.1640,-0.1217,0.0000,-0.0304
3775.8040,1,0.2020,-2.4710,-0.3544,-1.4493,-0.9500,1.1634,-0.1221,0.0000,-0.0305
3775.8207,1,0.2020,-2.4710,-0.3538,-1.4486,-0.9449,1.1637,-0.1280,0.0000,-0.0320
3775.8373,1,0.2020,-2.4710,-0.3543,-1.4499,-0.9510,1.1628,-0.1210,0.0000,-0.0302
3775.8540,1,0.2020,-2.4710,-0.3554,-1.4487,-0.9589,1.1643,-0.1128,0.0000,-0.0282
3775.8707,1,0.2020,-2.4710,-0.3557,-1.4484,-0.9594,1.1648,-0.1121,0.0000,-0.0280
3775.8873,1,0.2020,-2.4710,-0.3553,-1.4488,-0.9592,1.1642,-0.1124,0.0000,-0.0281
3775.9040,1,0.2020,-2.4710,-0.3550,-1.4492,-0.9588,1.1638,-0.1129,0.0000,-0.0282
3775.9207,1,0.2020,-2.4710,-0.3539,-1.4496,-0.9586,1.1629,-0.1138,0.0000,-0.0284
3775.9373,1,0.2020,-2.4710,-0.3539,-1.4496,-0.9586,1.1629,-0.1138,0.0000,-0.0284
3775.9540,1,0.2020,-2.4710,-0.3539,-1.4496,-0.9586,1.1629,-0.1138,0.0000,-0.0284
3775.9707,1,0.2020,-2.4710,-0.3539,-1.4490,-0.9573,1.1634,-0.1153,0.0000,-0.0288
3775.9873,1,0.2020,-2.4710,-0.3542,-1.4483,-0.9558,1.1642,-0.1168,0.0000,-0.0292
3776.0040,1,0.2020,-2.4710,-0.3544,-1.4482,-0.9565,1.1643,-0.1161,0.0000,-0.0290
3776.0207,1,0.2020,-2.4710,-0.3545,-1.4483,-0.9572,1.1643,-0.1152,0.0000,-0.0288
3776.0373,1,0.2020,-2.4710,-0.3546,-1.4484,-0.9580,1.1643,-0.1144,0.0000,-0.0286
3776.0540,1,0.2020,-2.4710,-0.3534,-1.4492,-0.9596,1.1630,-0.1134,0.0000,-0.0283
3776.0707,1,0.2020,-2.4710,-0.3531,-1.4491,-0.9600,1.1630,-0.1132,0.0000,-0.0283
3776.0873,1,0.2020,-2.4710,-0.3529,-1.4489,-0.9598,1.1630,-0.1136,0.0000,-0.0284
3776.1040,1,0.2020,-2.4710,-0.3530,-1.4486,-0.9591,1.1633,-0.1144,0.0000,-0.0286
3776.1207,1,0.2020,-2.4710,-0.3532,-1.4484,-0.9585,1.1636,-0.1149,0.0000,-0.0287
3776.1373,1,0.2020,-2.4710,-0.3534,-1.4482,-0.9582,1.1639,-0.1152,0.0000,-0.0288
3776.1540,1,0.2020,-2.4710,-0.3534,-1.4480,-0.9583,1.1640,-0.1151,0.0000,-0.0288
3776.1706,1,0.2020,-2.4710,-0.3533,-1.4480,-0.9587,1.1640,-0.1148,0.0000,-0.0287
3776.1873,1,0.2020,-2.4710,-0.3533,-1.4480,-0.9591,1.1640,-0.1144,0.0000,-0.0286
3776.2040,1,0.2020,-2.4710,-0.3533,-1.4481,-0.9595,1.1639,-0.1140,0.0000,-0.0285
3776.2207,1,0.2020,-2.4710,-0.3530,-1.4484,-0.9601,1.1635,-0.1135,0.0000,-0.0284
3776.2373,1,0.2020,-2.4710,-0.3529,-1.4487,-0.9607,1.1631,-0.1128,0.0000,-0.0282
3776.2540,1,0.2020,-2.4710,-0.3532,-1.4492,-0.9606,1.1629,-0.1125,0.0000,-0.0281
3776.2707,1,0.2020,-2.4710,-0.3532,-1.4494,-0.9610,1.1627,-0.1120,0.0000,-0.0280
3776.2873,1,0.2020,-2.4710,-0.3529,-1.4496,-0.9623,1.1624,-0.1108,0.0000,-0.0277
3776.3040,1,0.2020,-2.4710,-0.3526,-1.4492,-0.9638,1.1626,-0.1098,0.0000,-0.0274
3776.3207,1,0.2020,-2.4710,-0.3531,-1.4487,-0.9637,1.1633,-0.1097,0.0000,-0.0274
3776.3373,1,0.2020,-2.4710,-0.3532,-1.4486,-0.9637,1.1634,-0.1096,0.0000,-0.0274
3776.3540,1,0.2020,-2.4710,-0.3532,-1.4486,-0.9638,1.1634,-0.1095,0.0000,-0.0274
3776.3707,1,0.2020,-2.4710,-0.3532,-1.4485,-0.9638,1.1635,-0.1095,0.0000,-0.0274
3776.3873,1,0.2020,-2.4710,-0.3532,-1.4484,-0.9639,1.1636,-0.1095,0.0000,-0.0274
3776.4040,1,0.2020,-2.4710,-0.3531,-1.4484,-0.9642,1.1635,-0.1092,0.0000,-0.0273
3776.4207,1,0.2020,-2.4710,-0.3531,-1.4483,-0.9645,1.1636,-0.1090,0.0000,-0.0273
3776.4373,1,0.2020,-2.4710,-0.3532,-1.4482,-0.9647,1.1637,-0.1088,0.0000,-0.0272
3776.4540,1,0.2020,-2.4710,-0.3531,-1.4482,-0.9650,1.1637,-0.1085,0.0000,-0.0271
3776.4707,1,0.2020,-2.4710,-0.3532,-1.4483,-0.9653,1.1637,-0.1082,0.0000,-0.0270
3776.4873,1,0.2020,-2.4710,-0.3532,-1.4482,-0.9657,1.1637,-0.1078,0.0000,-0.0270
3776.5040,1,0.2020,-2.4710,-0.3531,-1.4482,-0.9661,1.1637,-0.1075,0.0000,-0.0269
3776.5207,1,0.2020,-2.4710,-0.3534,-1.4477,-0.9661,1.1643,-0.1075,0.0000,-0.0269
3776.5373,1,0.2020,-2.4710,-0.3532,-1.4479,-0.9665,1.1640,-0.1072,0.0000,-0.0268
3776.5540,1,0.2020,-2.4710,-0.3529,-1.4481,-0.9669,1.1637,-0.1069,0.0000,-0.0267
3776.5707,1,0.2020,-2.4710,-0.3531,-1.4476,-0.9669,1.1642,-0.1070,0.0000,-0.0267
3776.5873,1,0.2020,-2.4710,-0.3531,-1.4476,-0.9672,1.1642,-0.1066,0.0000,-0.0266
3776.6040,1,0.2020,-2.4710,-0.3536,-1.4476,-0.9678,1.1645,-0.1057,0.0000,-0.0264
3776.6207,1,0.2020,-2.4710,-0.3538,-1.4476,-0.9683,1.1646,-0.1049,0.0000,-0.0262
3776.6373,1,0.2020,-2.4710,-0.3538,-1.4478,-0.9691,1.1645,-0.1041,0.0000,-0.0260
3776.6540,1,0.2020,-2.4710,-0.3536,-1.4480,-0.9700,1.1642,-0.1032,0.0000,-0.0258
3776.6707,1,0.2020,-2.4710,-0.3535,-1.4481,-0.9707,1.1640,-0.1026,0.0000,-0.0256
3776.6873,1,0.2020,-2.4710,-0.3535,-1.4482,-0.9712,1.1639,-0.1021,0.0000,-0.0255
3776.7040,1,0.2020,-2.4710,-0.3534,-1.4482,-0.9714,1.1639,-0.1019,0.0000,-0.0255
3776.7207,1,0.2020,-2.4710,-0.3534,-1.4481,-0.9715,1.1640,-0.1018,0.0000,-0.0255
3776.7373,1,0.2020,-2.4710,-0.3535,-1.4480,-0.9716,1.1641,-0.1018,0.0000,-0.0254
3776.7540,1,0.2020,-2.4710,-0.3534,-1.4478,-0.9718,1.1642,-0.1017,0.0000,-0.0254
3776.7707,1,0.2020,-2.4710,-0.3534,-1.4477,-0.9718,1.1643,-0.1017,0.0000,-0.0254
3776.7873,1,0.2020,-2.4710,-0.3535,-1.4476,-0.9720,1.1644,-0.1015,0.0000,-0.0254
3776.8040,1,0.2020,-2.4710,-0.3535,-1.4476,-0.9721,1.1644,-0.1014,0.0000,-0.0253
3776.8207,1,0.2020,-2.4710,-0.3535,-1.4477,-0.9725,1.1644,-0.1010,0.0000,-0.0252
3776.8373,1,0.2020,-2.4710,-0.3535,-1.4476,-0.9729,1.1644,-0.1006,0.0000,-0.0251
3776.8540,1,0.2020,-2.4710,-0.3535,-1.4477,-0.9733,1.1644,-0.1002,0.0000,-0.0250
3776.8707,1,0.2020,-2.4710,-0.3535,-1.4477,-0.9737,1.1644,-0.0998,0.0000,-0.0249
3776.8873,1,0.2020,-2.4710,-0.3535,-1.4477,-0.9741,1.1643,-0.0994,0.0000,-0.0248
3776.9040,1,0.2020,-2.4710,-0.3534,-1.4478,-0.9745,1.1643,-0.0990,0.0000,-0.0247
3776.9207,1,0.2020,-2.4710,-0.3534,-1.4477,-0.9749,1.1643,-0.0986,0.0000,-0.0247
3776.9373,1,0.2020,-2.4710,-0.3533,-1.4478,-0.9754,1.1642,-0.0982,0.0000,-0.0246
3776.9540,1,0.2020,-2.4710,-0.3532,-1.4478,-0.9757,1.1641,-0.0979,0.0000,-0.0245
3776.9707,1,0.2020,-2.4710,-0.3532,-1.4478,-0.9759,1.1641,-0.0977,0.0000,-0.0244
3776.9873,1,0.2020,-2.4710,-0.3531,-1.4478,-0.9761,1.1641,-0.0976,0.0000,-0.0244
3777.0039,1,0.2020,-2.4710,-0.3531,-1.4478,-0.9764,1.1641,-0.0974,0.0000,-0.0243
3777.0207,1,0.2020,-2.4710,-0.3531,-1.4477,-0.9765,1.1641,-0.0972,0.0000,-0.0243
3777.0373,1,0.2020,-2.4710,-0.3531,-1.4478,-0.9768,1.1641,-0.0969,0.0000,-0.0242
3777.0540,1,0.2020,-2.4710,-0.3530,-1.4478,-0.9772,1.1641,-0.0966,0.0000,-0.0241
3777.0707,1,0.2020,-2.4710,-0.3530,-1.4478,-0.9775,1.1640,-0.0963,0.0000,-0.0241
3777.0874,1,0.2020,-2.4710,-0.3530,-1.4478,-0.9779,1.1640,-0.0959,0.0000,-0.0240
3777.1041,1,0.2020,-2.4710,-0.3530,-1.4478,-0.9783,1.1641,-0.0956,0.0000,-0.0239
3777.1208,1,0.2020,-2.4710,-0.3531,-1.4477,-0.9786,1.1642,-0.0952,0.0000,-0.0238
3777.1374,1,0.2020,-2.4710,-0.3532,-1.4476,-0.9789,1.1643,-0.0948,0.0000,-0.0237
3777.1542,1,0.2020,-2.4710,-0.3532,-1.4477,-0.9792,1.1642,-0.0945,0.0000,-0.0236
3777.1708,1,0.2020,-2.4710,-0.3532,-1.4477,-0.9796,1.1642,-0.0941,0.0000,-0.0235
3777.1874,1,0.2020,-2.4710,-0.3532,-1.4477,-0.9799,1.1642,-0.0939,0.0000,-0.0235
3777.2041,1,0.2020,-2.4710,-0.3531,-1.4477,-0.9801,1.1642,-0.0936,0.0000,-0.0234
3777.2208,1,0.2020,-2.4710,-0.3531,-1.4477,-0.9804,1.1642,-0.0933,0.0000,-0.0233
3777.2375,1,0.2020,-2.4710,-0.3530,-1.4477,-0.9807,1.1641,-0.0931,0.0000,-0.0233
3777.2541,1,0.2020,-2.4710,-0.3531,-1.4476,-0.9809,1.1643,-0.0929,0.0000,-0.0232
3777.2708,1,0.2020,-2.4710,-0.3531,-1.4477,-0.9812,1.1642,-0.0926,0.0000,-0.0232
3777.2875,1,0.2020,-2.4710,-0.3530,-1.4476,-0.9815,1.1642,-0.0923,0.0000,-0.0231
3777.3041,1,0.2020,-2.4710,-0.3530,-1.4476,-0.9818,1.1642,-0.0921,0.0000,-0.0230
3777.3208,1,0.2020,-2.4710,-0.3530,-1.4476,-0.9821,1.1642,-0.0918,0.0000,-0.0229
3777.3374,1,0.2020,-2.4710,-0.3531,-1.4476,-0.9824,1.1642,-0.0915,0.0000,-0.0229
3777.3541,1,0.2020,-2.4710,-0.3529,-1.4477,-0.9827,1.1641,-0.0912,0.0000,-0.0228
3777.3708,1,0.2020,-2.4710,-0.3525,-1.4477,-0.9830,1.1639,-0.0912,0.0000,-0.0228
3777.3874,1,0.2020,-2.4710,-0.3525,-1.4476,-0.9829,1.1640,-0.0913,0.0000,-0.0228
3777.4041,1,0.2020,-2.4710,-0.3524,-1.4475,-0.9828,1.1641,-0.0916,0.0000,-0.0229
3777.4208,1,0.2020,-2.4710,-0.3526,-1.4473,-0.9826,1.1643,-0.0917,0.0000,-0.0229
3777.4375,1,0.2020,-2.4710,-0.3526,-1.4473,-0.9828,1.1643,-0.0916,0.0000,-0.0229
3777.4541,1,0.2020,-2.4710,-0.3526,-1.4478,-0.9830,1.1639,-0.0911,0.0000,-0.0228
3777.4708,1,0.2020,-2.4710,-0.3528,-1.4476,-0.9839,1.1641,-0.0901,0.0000,-0.0225
3777.4874,1,0.2020,-2.4710,-0.3528,-1.4476,-0.9849,1.1641,-0.0891,0.0000,-0.0223
3777.5042,1,0.2020,-2.4710,-0.3525,-1.4479,-0.9859,1.1638,-0.0882,0.0000,-0.0221
3777.5208,1,0.2020,-2.4710,-0.3526,-1.4479,-0.9867,1.1638,-0.0874,0.0000,-0.0218
3777.5374,1,0.2020,-2.4710,-0.3523,-1.4481,-0.9875,1.1635,-0.0867,0.4000,0.0000
3777.5541,1,0.2020,-2.4710,-0.3523,-1.4481,-0.9880,1.1635,-0.0861,0.4000,0.0000
3777.5709,1,0.2020,-2.4710,-0.3523,-1.4481,-0.9883,1.1635,-0.0858,0.4000,0.0000
3777.5875,1,0.2020,-2.4710,-0.3523,-1.4480,-0.9884,1.1636,-0.0858,0.4000,0.0000
3777.6041,1,0.2020,-2.4710,-0.3524,-1.4478,-0.9882,1.1637,-0.0861,0.4000,0.0000
3777.6208,1,0.2020,-2.4710,-0.3521,-1.4481,-0.9880,1.1633,-0.0863,0.4000,0.0000
3777.6374,1,0.2020,-2.4710,-0.3518,-1.4458,-0.9824,1.1652,-0.0931,0.0000,-0.0233
3777.6541,1,0.2020,-2.4710,-0.3509,-1.4477,-0.9850,1.1631,-0.0905,0.0000,-0.0226
3777.6708,1,0.2020,-2.4710,-0.3485,-1.4507,-0.9876,1.1593,-0.0884,0.0000,-0.0221
3777.6875,1,0.2020,-2.4710,-0.3466,-1.4534,-0.9891,1.1560,-0.0872,0.4000,0.0000
3777.7041,1,0.2020,-2.4710,-0.3443,-1.4569,-0.9903,1.1519,-0.0863,0.4000,0.0000
3777.7208,1,0.2020,-2.4710,-0.3419,-1.4609,-0.9906,1.1472,-0.0863,0.4000,0.0000
3777.7374,1,0.2020,-2.4710,-0.3393,-1.4650,-0.9892,1.1424,-0.0880,0.0000,-0.0220
3777.7541,1,0.2020,-2.4710,-0.3367,-1.4687,-0.9873,1.1379,-0.0904,0.0000,-0.0226
3777.7708,1,0.2020,-2.4710,-0.3350,-1.4715,-0.9877,1.1346,-0.0902,0.0000,-0.0225
3777.7875,1,0.2020,-2.4710,-0.3337,-1.4732,-0.9896,1.1325,-0.0884,0.0000,-0.0221
3777.8041,1,0.2020,-2.4710,-0.3333,-1.4735,-0.9916,1.1321,-0.0867,0.4000,0.0000
3777.8208,1,0.2020,-2.4710,-0.3335,-1.4727,-0.9933,1.1329,-0.0851,0.4000,0.0000
3777.8376,1,0.2020,-2.4710,-0.3339,-1.4715,-0.9917,1.1342,-0.0869,0.4000,0.0000
3777.8542,1,0.2020,-2.4710,-0.3349,-1.4698,-0.9900,1.1361,-0.0885,0.0000,-0.0221
3777.8708,1,0.2020,-2.4710,-0.3359,-1.4683,-0.9896,1.1379,-0.0887,0.0000,-0.0222
3777.8874,1,0.2020,-2.4710,-0.3376,-1.4663,-0.9887,1.1404,-0.0892,0.0000,-0.0223
3777.9042,1,0.2020,-2.4710,-0.3389,-1.4650,-0.9889,1.1422,-0.0886,0.0000,-0.0221
3777.9208,1,0.2020,-2.4710,-0.3395,-1.4641,-0.9897,1.1433,-0.0876,0.0000,-0.0219
3777.9376,1,0.2020,-2.4710,-0.3396,-1.4636,-0.9918,1.1438,-0.0857,0.4000,0.0000
3777.9542,1,0.2020,-2.4710,-0.3387,-1.4638,-0.9927,1.1432,-0.0855,0.4000,0.0000
3777.9708,1,0.2020,-2.4710,-0.3372,-1.4653,-0.9949,1.1411,-0.0837,0.4000,0.0000
3777.9874,1,0.2020,-2.4710,-0.3360,-1.4670,-0.9955,1.1391,-0.0834,0.4000,0.0000
3778.0041,1,0.2020,-2.4710,-0.3338,-1.4709,-0.9975,1.1346,-0.0815,0.4000,0.0000
3778.0208,1,0.2020,-2.4710,-0.3309,-1.4760,-0.9984,1.1287,-0.0807,0.4000,0.0000
3778.0374,1,0.2020,-2.4710,-0.3280,-1.4840,-1.0033,1.1203,-0.0747,0.4000,0.0000
3778.0542,1,0.2020,-2.4710,-0.3230,-1.4925,-1.0048,1.1105,-0.0735,0.4000,0.0000
3778.0708,1,0.2020,-2.4710,-0.3183,-1.4997,-1.0055,1.1019,-0.0735,0.4000,0.0000
3778.0874,1,0.2020,-2.4710,-0.3121,-1.5081,-1.0071,1.0915,-0.0733,0.4000,0.0000
3778.1041,1,0.2020,-2.4710,-0.3071,-1.5150,-1.0079,1.0831,-0.0736,0.4000,0.0000
3778.1209,1,0.2020,-2.4710,-0.3032,-1.5199,-1.0065,1.0769,-0.0760,0.4000,0.0000
3778.1374,1,0.2020,-2.4710,-0.2969,-1.5269,-1.0016,1.0678,-0.0830,0.4000,0.0000
3778.1542,1,0.2020,-2.4710,-0.2925,-1.5336,-1.0011,1.0599,-0.0843,0.4000,0.0000
3778.1708,1,0.2020,-2.4710,-0.2888,-1.5396,-1.0013,1.0528,-0.0846,0.4000,0.0000
3778.1875,1,0.2020,-2.4710,-0.2863,-1.5452,-1.0020,1.0467,-0.0834,0.4000,0.0000
3778.2041,1,0.2020,-2.4710,-0.2826,-1.5512,-1.0020,1.0397,-0.0840,0.4000,0.0000
3778.2208,1,0.2020,-2.4710,-0.2794,-1.5564,-1.0024,1.0336,-0.0839,0.4000,0.0000
3778.2375,1,0.2020,-2.4710,-0.2761,-1.5613,-1.0030,1.0277,-0.0839,0.4000,0.0000
3778.2541,1,0.2020,-2.4710,-0.2729,-1.5661,-1.0040,1.0219,-0.0835,0.4000,0.0000
3778.2708,1,0.2020,-2.4710,-0.2697,-1.5713,-1.0047,1.0159,-0.0832,0.4000,0.0000
3778.2874,1,0.2020,-2.4710,-0.2664,-1.5767,-1.0068,1.0096,-0.0816,0.4000,0.0000
3778.3041,1,0.2020,-2.4710,-0.2630,-1.5820,-1.0076,1.0033,-0.0812,0.4000,0.0000
3778.3208,1,0.2020,-2.4710,-0.2603,-1.5866,-1.0070,0.9979,-0.0822,0.4000,0.0000
3778.3375,1,0.2020,-2.4710,-0.2579,-1.5895,-1.0044,0.9943,-0.0855,0.4000,0.0000
3778.3541,1,0.2020,-2.4710,-0.2545,-1.5936,-1.0027,0.9891,-0.0883,0.0000,-0.0221
3778.3708,1,0.2020,-2.4710,-0.2501,-1.5996,-1.0023,0.9817,-0.0899,0.0000,-0.0225
3778.3874,1,0.2020,-2.4710,-0.2460,-1.6054,-1.0021,0.9747,-0.0911,0.0000,-0.0228
3778.4041,1,0.2020,-2.4710,-0.2419,-1.6113,-1.0016,0.9676,-0.0926,0.0000,-0.0231
3778.4208,1,0.2020,-2.4710,-0.2379,-1.6170,-1.0015,0.9607,-0.0937,0.0000,-0.0234
3778.4375,1,0.2020,-2.4710,-0.2340,-1.6228,-1.0021,0.9537,-0.0940,0.0000,-0.0235
3778.4541,1,0.2020,-2.4710,-0.2302,-1.6283,-1.0026,0.9471,-0.0944,0.0000,-0.0236
3778.4708,1,0.2020,-2.4710,-0.2250,-1.6351,-1.0067,0.9386,-0.0918,0.0000,-0.0229
3778.4874,1,0.2020,-2.4710,-0.2219,-1.6405,-1.0074,0.9324,-0.0915,0.0000,-0.0229
3778.5041,1,0.2020,-2.4710,-0.2180,-1.6465,-1.0092,0.9253,-0.0904,0.0000,-0.0226
3778.5207,1,0.2020,-2.4710,-0.2147,-1.6517,-1.0099,0.9192,-0.0904,0.0000,-0.0226
3778.5375,1,0.2020,-2.4710,-0.2121,-1.6555,-1.0097,0.9146,-0.0913,0.0000,-0.0228
3778.5541,1,0.2020,-2.4710,-0.2095,-1.6593,-1.0098,0.9101,-0.0919,0.0000,-0.0230
3778.5708,1,0.2020,-2.4710,-0.2073,-1.6619,-1.0108,0.9068,-0.0917,0.0000,-0.0229
3778.5874,1,0.2020,-2.4710,-0.2067,-1.6615,-1.0092,0.9069,-0.0941,0.0000,-0.0235
3778.6041,1,0.2020,-2.4710,-0.2062,-1.6614,-1.0083,0.9067,-0.0954,0.0000,-0.0239
3778.6207,1,0.2020,-2.4710,-0.2065,-1.6605,-1.0069,0.9076,-0.0970,0.0000,-0.0242
3778.6374,1,0.2020,-2.4710,-0.2073,-1.6591,-1.0055,0.9093,-0.0984,0.0000,-0.0246
3778.6542,1,0.2020,-2.4710,-0.2085,-1.6574,-1.0047,0.9113,-0.0987,0.0000,-0.0247
3778.6708,1,0.2020,-2.4710,-0.2098,-1.6558,-1.0046,0.9133,-0.0984,0.0000,-0.0246
3778.6874,1,0.2020,-2.4710,-0.2111,-1.6545,-1.0051,0.9150,-0.0973,0.0000,-0.0243
3778.7041,1,0.2020,-2.4710,-0.2121,-1.6536,-1.0058,0.9163,-0.0960,0.0000,-0.0240
3778.7208,1,0.2020,-2.4710,-0.2126,-1.6530,-1.0071,0.9171,-0.0947,0.0000,-0.0237
3778.7374,1,0.2020,-2.4710,-0.2124,-1.6523,-1.0094,0.9176,-0.0929,0.0000,-0.0232
3778.7542,1,0.2020,-2.4710,-0.2138,-1.6512,-1.0095,0.9193,-0.0919,0.0000,-0.0230
3778.7708,1,0.2020,-2.4710,-0.2134,-1.6521,-1.0113,0.9182,-0.0901,0.0000,-0.0225
3778.7874,1,0.2020,-2.4710,-0.2131,-1.6529,-1.0119,0.9174,-0.0894,0.0000,-0.0224
3778.8041,1,0.2020,-2.4710,-0.2127,-1.6537,-1.0122,0.9165,-0.0891,0.0000,-0.0223
3778.8208,1,0.2020,-2.4710,-0.2124,-1.6543,-1.0117,0.9158,-0.0895,0.0000,-0.0224
3778.8374,1,0.2020,-2.4710,-0.2117,-1.6553,-1.0112,0.9146,-0.0902,0.0000,-0.0225
3778.8541,1,0.2020,-2.4710,-0.2107,-1.6564,-1.0123,0.9132,-0.0896,0.0000,-0.0224
3778.8708,1,0.2020,-2.4710,-0.2099,-1.6574,-1.0134,0.9119,-0.0888,0.0000,-0.0222
3778.8874,1,0.2020,-2.4710,-0.2121,-1.6549,-1.0087,0.9152,-0.0925,0.0000,-0.0231
3778.9041,1,0.2020,-2.4710,-0.2117,-1.6545,-1.0076,0.9153,-0.0942,0.0000,-0.0235
3778.9208,1,0.2020,-2.4710,-0.2115,-1.6539,-1.0064,0.9158,-0.0959,0.0000,-0.0240
3778.9375,1,0.2020,-2.4710,-0.2118,-1.6534,-1.0062,0.9164,-0.0961,0.0000,-0.0240
3778.9542,1,0.2020,-2.4710,-0.2120,-1.6533,-1.0059,0.9165,-0.0962,0.0000,-0.0240
3778.9708,1,0.2020,-2.4710,-0.2122,-1.6534,-1.0048,0.9166,-0.0971,0.0000,-0.0243
3778.9874,1,0.2020,-2.4710,-0.2129,-1.6529,-1.0051,0.9173,-0.0963,0.0000,-0.0241
3779.0041,1,0.2020,-2.4710,-0.2136,-1.6522,-1.0054,0.9182,-0.0957,0.0000,-0.0239
3779.0208,1,0.2020,-2.4710,-0.2136,-1.6518,-1.0055,0.9186,-0.0958,0.0000,-0.0240
3779.0374,1,0.2020,-2.4710,-0.2133,-1.6519,-1.0059,0.9184,-0.0957,0.0000,-0.0239
3779.0542,1,0.2020,-2.4710,-0.2130,-1.6521,-1.0059,0.9180,-0.0958,0.0000,-0.0240
3779.0708,1,0.2020,-2.4710,-0.2127,-1.6524,-1.0056,0.9176,-0.0963,0.0000,-0.0241
3779.0874,1,0.2020,-2.4710,-0.2125,-1.6527,-1.0054,0.9173,-0.0965,0.0000,-0.0241
3779.1041,1,0.2020,-2.4710,-0.2124,-1.6531,-1.0055,0.9169,-0.0964,0.0000,-0.0241
3779.1208,1,0.2020,-2.4710,-0.2123,-1.6532,-1.0058,0.9168,-0.0961,0.0000,-0.0240
3779.1374,1,0.2020,-2.4710,-0.2123,-1.6531,-1.0060,0.9168,-0.0959,0.0000,-0.0240
3779.1542,1,0.2020,-2.4710,-0.2124,-1.6529,-1.0062,0.9171,-0.0957,0.0000,-0.0239
3779.1708,1,0.2020,-2.4710,-0.2126,-1.6526,-1.0065,0.9175,-0.0954,0.0000,-0.0239
3779.1874,1,0.2020,-2.4710,-0.2127,-1.6523,-1.0068,0.9177,-0.0951,0.0000,-0.0238
3779.2041,1,0.2020,-2.4710,-0.2128,-1.6523,-1.0071,0.9178,-0.0947,0.0000,-0.0237
3779.2208,1,0.2020,-2.4710,-0.2128,-1.6523,-1.0074,0.9178,-0.0944,0.0000,-0.0236
3779.2374,1,0.2020,-2.4710,-0.2128,-1.6524,-1.0076,0.9177,-0.0942,0.0000,-0.0236
3779.2541,1,0.2020,-2.4710,-0.2127,-1.6525,-1.0077,0.9175,-0.0941,0.0000,-0.0235
3779.2708,1,0.2020,-2.4710,-0.2125,-1.6527,-1.0079,0.9173,-0.0941,0.0000,-0.0235
3779.2875,1,0.2020,-2.4710,-0.2124,-1.6528,-1.0080,0.9172,-0.0940,0.0000,-0.0235
3779.3041,1,0.2020,-2.4710,-0.2123,-1.6528,-1.0080,0.9171,-0.0940,0.0000,-0.0235
3779.3208,1,0.2020,-2.4710,-0.2123,-1.6528,-1.0082,0.9171,-0.0939,0.0000,-0.0235
3779.3374,1,0.2020,-2.4710,-0.2123,-1.6528,-1.0084,0.9171,-0.0937,0.0000,-0.0234
3779.3541,1,0.2020,-2.4710,-0.2123,-1.6527,-1.0085,0.9172,-0.0936,0.0000,-0.0234
3779.3708,1,0.2020,-2.4710,-0.2124,-1.6527,-1.0087,0.9173,-0.0933,0.0000,-0.0233
3779.3875,1,0.2020,-2.4710,-0.2124,-1.6526,-1.0090,0.9173,-0.0931,0.0000,-0.0233
3779.4041,1,0.2020,-2.4710,-0.2124,-1.6525,-1.0092,0.9174,-0.0928,0.0000,-0.0232
3779.4208,1,0.2020,-2.4710,-0.2125,-1.6525,-1.0095,0.9174,-0.0926,0.0000,-0.0231
3779.4375,1,0.2020,-2.4710,-0.2125,-1.6525,-1.0097,0.9175,-0.0924,0.0000,-0.0231
3779.4542,1,0.2020,-2.4710,-0.2125,-1.6525,-1.0099,0.9174,-0.0921,0.0000,-0.0230
3779.4708,1,0.2020,-2.4710,-0.2124,-1.6526,-1.0101,0.9173,-0.0919,0.0000,-0.0230
3779.4874,1,0.2020,-2.4710,-0.2124,-1.6527,-1.0102,0.9173,-0.0918,0.0000,-0.0230
3779.5041,1,0.2020,-2.4710,-0.2124,-1.6527,-1.0103,0.9172,-0.0917,0.0000,-0.0229
3779.5210,1,0.2020,-2.4710,-0.2123,-1.6529,-1.0106,0.9171,-0.0915,0.0000,-0.0229
3779.5376,1,0.2020,-2.4710,-0.2123,-1.6530,-1.0108,0.9169,-0.0912,0.0000,-0.0228
3779.5542,1,0.2020,-2.4710,-0.2122,-1.6531,-1.0111,0.9168,-0.0909,0.0000,-0.0227
3779.5708,1,0.2020,-2.4710,-0.2122,-1.6532,-1.0115,0.9167,-0.0905,0.0000,-0.0226
3779.5874,1,0.2020,-2.4710,-0.2122,-1.6532,-1.0118,0.9167,-0.0901,0.0000,-0.0225
3779.6041,1,0.2020,-2.4710,-0.2122,-1.6533,-1.0121,0.9166,-0.0898,0.0000,-0.0225
3779.6209,1,0.2020,-2.4710,-0.2122,-1.6534,-1.0124,0.9166,-0.0895,0.0000,-0.0224
3779.6379,1,0.2020,-2.4710,-0.2122,-1.6534,-1.0126,0.9166,-0.0892,0.0000,-0.0223
3779.6541,1,0.2020,-2.4710,-0.2122,-1.6533,-1.0129,0.9166,-0.0890,0.0000,-0.0222
3779.6708,1,0.2020,-2.4710,-0.2122,-1.6534,-1.0132,0.9166,-0.0887,0.0000,-0.0222
3779.6874,1,0.2020,-2.4710,-0.2122,-1.6534,-1.0135,0.9165,-0.0884,0.0000,-0.0221
3779.7041,1,0.2020,-2.4710,-0.2122,-1.6534,-1.0138,0.9165,-0.0881,0.0000,-0.0220
3779.7208,1,0.2020,-2.4710,-0.2122,-1.6535,-1.0141,0.9165,-0.0877,0.0000,-0.0219
3779.7374,1,0.2020,-2.4710,-0.2122,-1.6535,-1.0143,0.9164,-0.0875,0.0000,-0.0219
3779.7542,1,0.2020,-2.4710,-0.2122,-1.6536,-1.0146,0.9164,-0.0872,0.4000,0.0000
3779.7708,1,0.2020,-2.4710,-0.2122,-1.6536,-1.0149,0.9164,-0.0868,0.4000,0.0000
3779.7874,1,0.2020,-2.4710,-0.2123,-1.6536,-1.0152,0.9163,-0.0865,0.4000,0.0000
3779.8041,1,0.2020,-2.4710,-0.2123,-1.6537,-1.0154,0.9163,-0.0863,0.4000,0.0000
3779.8208,1,0.2020,-2.4710,-0.2123,-1.6538,-1.0157,0.9162,-0.0859,0.4000,0.0000
3779.8374,1,0.2020,-2.4710,-0.2123,-1.6538,-1.0160,0.9162,-0.0856,0.4000,0.0000
3779.8541,1,0.2020,-2.4710,-0.2123,-1.6538,-1.0162,0.9162,-0.0854,0.4000,0.0000
3779.8708,1,0.2020,-2.4710,-0.2123,-1.6538,-1.0165,0.9162,-0.0851,0.4000,0.0000
3779.8874,1,0.2020,-2.4710,-0.2123,-1.6539,-1.0168,0.9161,-0.0847,0.4000,0.0000
3779.9041,1,0.2020,-2.4710,-0.2121,-1.6542,-1.0172,0.9158,-0.0843,0.4000,0.0000
3779.9208,1,0.2020,-2.4710,-0.2118,-1.6546,-1.0175,0.9152,-0.0842,0.4000,0.0000
3779.9375,1,0.2020,-2.4710,-0.2110,-1.6558,-1.0182,0.9139,-0.0837,0.4000,0.0000
3779.9543,1,0.2020,-2.4710,-0.2098,-1.6578,-1.0198,0.9116,-0.0822,0.4000,0.0000
3779.9708,1,0.2020,-2.4710,-0.2081,-1.6610,-1.0221,0.9079,-0.0800,0.4000,0.0000
3779.9874,1,0.2020,-2.4710,-0.2061,-1.6645,-1.0241,0.9039,-0.0783,0.4000,0.0000
3780.0041,1,0.2020,-2.4710,-0.2037,-1.6686,-1.0257,0.8992,-0.0770,0.4000,0.0000
3780.0208,1,0.2020,-2.4710,-0.2011,-1.6735,-1.0272,0.8936,-0.0756,0.4000,0.0000
3780.0376,1,0.2020,-2.4710,-0.1975,-1.6797,-1.0292,0.8865,-0.0741,0.4000,0.0000
3780.0542,1,0.2020,-2.4710,-0.1942,-1.6843,-1.0276,0.8808,-0.0766,0.4000,0.0000
3780.0708,1,0.2020,-2.4710,-0.1902,-1.6917,-1.0301,0.8724,-0.0745,0.4000,0.0000
3780.0875,1,0.2020,-2.4710,-0.1841,-1.6970,-1.0218,0.8649,-0.0863,0.4000,0.0000
3780.1041,1,0.2020,-2.4710,-0.1807,-1.7042,-1.0231,0.8570,-0.0849,0.4000,0.0000
3780.1207,1,0.2020,-2.4710,-0.1769,-1.7108,-1.0234,0.8494,-0.0850,0.4000,0.0000
3780.1374,1,0.2020,-2.4710,-0.1732,-1.7173,-1.0244,0.8419,-0.0845,0.4000,0.0000
3780.1542,1,0.2020,-2.4710,-0.1696,-1.7234,-1.0260,0.8348,-0.0835,0.4000,0.0000
3780.1708,1,0.2020,-2.4710,-0.1642,-1.7288,-1.0218,0.8276,-0.0907,0.0000,-0.0227
3780.1875,1,0.2020,-2.4710,-0.1617,-1.7350,-1.0264,0.8209,-0.0855,0.4000,0.0000
3780.2041,1,0.2020,-2.4710,-0.1576,-1.7398,-1.0248,0.8149,-0.0889,0.0000,-0.0222
3780.2208,1,0.2020,-2.4710,-0.1541,-1.7454,-1.0240,0.8082,-0.0906,0.0000,-0.0226
3780.2374,1,0.2020,-2.4710,-0.1509,-1.7503,-1.0234,0.8025,-0.0920,0.0000,-0.0230
3780.2541,1,0.2020,-2.4710,-0.1478,-1.7554,-1.0240,0.7965,-0.0921,0.0000,-0.0230
3780.2708,1,0.2020,-2.4710,-0.1444,-1.7608,-1.0249,0.7902,-0.0920,0.0000,-0.0230
3780.2875,1,0.2020,-2.4710,-0.1418,-1.7655,-1.0244,0.7849,-0.0929,0.0000,-0.0232
3780.3041,1,0.2020,-2.4710,-0.1391,-1.7698,-1.0237,0.7797,-0.0943,0.0000,-0.0236
3780.3207,1,0.2020,-2.4710,-0.1358,-1.7744,-1.0237,0.7742,-0.0955,0.0000,-0.0239
3780.3374,1,0.2020,-2.4710,-0.1327,-1.7791,-1.0243,0.7686,-0.0959,0.0000,-0.0240
3780.3541,1,0.2020,-2.4710,-0.1298,-1.7828,-1.0229,0.7640,-0.0986,0.0000,-0.0247
3780.3707,1,0.2020,-2.4710,-0.1275,-1.7863,-1.0241,0.7599,-0.0981,0.0000,-0.0245
3780.3874,1,0.2020,-2.4710,-0.1256,-1.7889,-1.0247,0.7567,-0.0983,0.0000,-0.0246
3780.4041,1,0.2020,-2.4710,-0.1228,-1.7907,-1.0248,0.7539,-0.1006,0.0000,-0.0251
3780.4207,1,0.2020,-2.4710,-0.1224,-1.7908,-1.0247,0.7536,-0.1011,0.0000,-0.0253
3780.4375,1,0.2020,-2.4710,-0.1228,-1.7900,-1.0243,0.7545,-0.1015,0.0000,-0.0254
3780.4541,1,0.2020,-2.4710,-0.1235,-1.7886,-1.0237,0.7560,-0.1020,0.0000,-0.0255
3780.4707,1,0.2020,-2.4710,-0.1246,-1.7869,-1.0228,0.7581,-0.1026,0.0000,-0.0256
3780.4874,1,0.2020,-2.4710,-0.1256,-1.7852,-1.0219,0.7601,-0.1032,0.0000,-0.0258
3780.5041,1,0.2020,-2.4710,-0.1267,-1.7836,-1.0210,0.7619,-0.1036,0.0000,-0.0259
3780.5207,1,0.2020,-2.4710,-0.1278,-1.7823,-1.0206,0.7636,-0.1037,0.0000,-0.0259
3780.5375,1,0.2020,-2.4710,-0.1285,-1.7809,-1.0205,0.7651,-0.1037,0.0000,-0.0259
3780.5541,1,0.2020,-2.4710,-0.1287,-1.7804,-1.0207,0.7657,-0.1035,0.0000,-0.0259
3780.5708,1,0.2020,-2.4710,-0.1287,-1.7804,-1.0207,0.7657,-0.1035,0.0000,-0.0259
3780.5878,1,0.2020,-2.4710,-0.1291,-1.7796,-1.0228,0.7666,-0.1014,0.0000,-0.0254
3780.6042,1,0.2020,-2.4710,-0.1289,-1.7802,-1.0232,0.7659,-0.1009,0.0000,-0.0252
3780.6208,1,0.2020,-2.4710,-0.1285,-1.7811,-1.0232,0.7650,-0.1008,0.0000,-0.0252
3780.6375,1,0.2020,-2.4710,-0.1281,-1.7821,-1.0226,0.7639,-0.1013,0.0000,-0.0253
3780.6541,1,0.2020,-2.4710,-0.1274,-1.7830,-1.0214,0.7628,-0.1029,0.0000,-0.0257
3780.6708,1,0.2020,-2.4710,-0.1269,-1.7835,-1.0206,0.7621,-0.1039,0.0000,-0.0260
3780.6874,1,0.2020,-2.4710,-0.1268,-1.7843,-1.0214,0.7613,-0.1028,0.0000,-0.0257
3780.7041,1,0.2020,-2.4710,-0.1268,-1.7845,-1.0231,0.7611,-0.1010,0.0000,-0.0253
3780.7207,1,0.2020,-2.4710,-0.1265,-1.7843,-1.0236,0.7612,-0.1009,0.0000,-0.0252
3780.7375,1,0.2020,-2.4710,-0.1262,-1.7837,-1.0233,0.7617,-0.1020,0.0000,-0.0255
3780.7541,1,0.2020,-2.4710,-0.1265,-1.7835,-1.0230,0.7620,-0.1021,0.0000,-0.0255
3780.7707,1,0.2020,-2.4710,-0.1271,-1.7832,-1.0224,0.7625,-0.1020,0.0000,-0.0255
3780.7874,1,0.2020,-2.4710,-0.1277,-1.7827,-1.0223,0.7632,-0.1018,0.0000,-0.0255
3780.8041,1,0.2020,-2.4710,-0.1280,-1.7822,-1.0228,0.7638,-0.1013,0.0000,-0.0253
3780.8207,1,0.2020,-2.4710,-0.1279,-1.7818,-1.0235,0.7641,-0.1009,0.0000,-0.0252
3780.8374,1,0.2020,-2.4710,-0.1277,-1.7817,-1.0239,0.7641,-0.1008,0.0000,-0.0252
3780.8541,1,0.2020,-2.4710,-0.1281,-1.7825,-1.0247,0.7636,-0.0990,0.0000,-0.0247
3780.8707,1,0.2020,-2.4710,-0.1288,-1.7832,-1.0257,0.7632,-0.0968,0.0000,-0.0242
3780.8874,1,0.2020,-2.4710,-0.1287,-1.7836,-1.0261,0.7628,-0.0963,0.0000,-0.0241
3780.9041,1,0.2020,-2.4710,-0.1284,-1.7840,-1.0262,0.7623,-0.0963,0.0000,-0.0241
3780.9207,1,0.2020,-2.4710,-0.1286,-1.7842,-1.0270,0.7623,-0.0952,0.0000,-0.0238
3780.9375,1,0.2020,-2.4710,-0.1288,-1.7841,-1.0277,0.7624,-0.0944,0.0000,-0.0236
3780.9541,1,0.2020,-2.4710,-0.1289,-1.7838,-1.0279,0.7627,-0.0941,0.0000,-0.0235
3780.9708,1,0.2020,-2.4710,-0.1290,-1.7835,-1.0280,0.7630,-0.0940,0.0000,-0.0235
3780.9874,1,0.2020,-2.4710,-0.1292,-1.7832,-1.0282,0.7634,-0.0938,0.0000,-0.0234
3781.0041,1,0.2020,-2.4710,-0.1293,-1.7831,-1.0285,0.7635,-0.0935,0.0000,-0.0234
3781.0208,1,0.2020,-2.4710,-0.1293,-1.7832,-1.0289,0.7634,-0.0930,0.0000,-0.0233
3781.0374,1,0.2020,-2.4710,-0.1292,-1.7834,-1.0293,0.7633,-0.0926,0.0000,-0.0232
3781.0541,1,0.2020,-2.4710,-0.1292,-1.7835,-1.0298,0.7631,-0.0921,0.0000,-0.0230
3781.0707,1,0.2020,-2.4710,-0.1291,-1.7837,-1.0301,0.7629,-0.0917,0.0000,-0.0229
3781.0874,1,0.2020,-2.4710,-0.1290,-1.7838,-1.0305,0.7627,-0.0914,0.0000,-0.0228
3781.1041,1,0.2020,-2.4710,-0.1290,-1.7839,-1.0307,0.7626,-0.0911,0.0000,-0.0228
3781.1208,1,0.2020,-2.4710,-0.1290,-1.7840,-1.0310,0.7626,-0.0907,0.0000,-0.0227
3781.1374,1,0.2020,-2.4710,-0.1291,-1.7839,-1.0313,0.7627,-0.0904,0.0000,-0.0226
3781.1541,1,0.2020,-2.4710,-0.1291,-1.7838,-1.0315,0.7628,-0.0903,0.0000,-0.0226
3781.1707,1,0.2020,-2.4710,-0.1292,-1.7837,-1.0317,0.7629,-0.0901,0.0000,-0.0225
3781.1874,1,0.2020,-2.4710,-0.1292,-1.7835,-1.0319,0.7631,-0.0899,0.0000,-0.0225
3781.2041,1,0.2020,-2.4710,-0.1292,-1.7835,-1.0322,0.7632,-0.0897,0.0000,-0.0224
3781.2207,1,0.2020,-2.4710,-0.1292,-1.7835,-1.0324,0.7631,-0.0895,0.0000,-0.0224
3781.2374,1,0.2020,-2.4710,-0.1291,-1.7834,-1.0326,0.7631,-0.0893,0.0000,-0.0223
3781.2541,1,0.2020,-2.4710,-0.1291,-1.7835,-1.0328,0.7631,-0.0892,0.0000,-0.0223
3781.2707,1,0.2020,-2.4710,-0.1290,-1.7835,-1.0330,0.7630,-0.0890,0.0000,-0.0223
3781.2874,1,0.2020,-2.4710,-0.1290,-1.7836,-1.0332,0.7630,-0.0888,0.0000,-0.0222
3781.3041,1,0.2020,-2.4710,-0.1290,-1.7836,-1.0335,0.7630,-0.0886,0.0000,-0.0222
3781.3207,1,0.2020,-2.4710,-0.1289,-1.7836,-1.0337,0.7629,-0.0884,0.0000,-0.0221
3781.3374,1,0.2020,-2.4710,-0.1289,-1.7836,-1.0340,0.7629,-0.0881,0.0000,-0.0220
3781.3541,1,0.2020,-2.4710,-0.1290,-1.7835,-1.0342,0.7630,-0.0879,0.0000,-0.0220
3781.3707,1,0.2020,-2.4710,-0.1290,-1.7835,-1.0345,0.7630,-0.0876,0.0000,-0.0219
3781.3874,1,0.2020,-2.4710,-0.1290,-1.7835,-1.0348,0.7630,-0.0873,0.0000,-0.0218
3781.4041,1,0.2020,-2.4710,-0.1290,-1.7835,-1.0351,0.7630,-0.0870,0.3815,0.0000
3781.4207,1,0.2020,-2.4710,-0.1290,-1.7835,-1.0355,0.7630,-0.0866,0.3815,0.0000
3781.4374,1,0.2020,-2.4710,-0.1290,-1.7835,-1.0358,0.7630,-0.0862,0.3815,0.0000
3781.4541,1,0.2020,-2.4710,-0.1290,-1.7836,-1.0362,0.7630,-0.0858,0.3815,0.0000
3781.4707,1,0.2020,-2.4710,-0.1290,-1.7836,-1.0365,0.7629,-0.0855,0.3815,0.0000
3781.4874,1,0.2020,-2.4710,-0.1290,-1.7837,-1.0369,0.7629,-0.0851,0.3814,0.0000
3781.5041,1,0.2020,-2.4710,-0.1290,-1.7837,-1.0372,0.7629,-0.0848,0.3814,0.0000
3781.5207,1,0.2020,-2.4710,-0.1289,-1.7838,-1.0374,0.7627,-0.0846,0.3813,0.0000
3781.5377,1,0.2020,-2.4710,-0.1285,-1.7843,-1.0377,0.7621,-0.0845,0.3810,0.0000
3781.5541,1,0.2020,-2.4710,-0.1278,-1.7856,-1.0384,0.7606,-0.0840,0.3803,0.0000
3781.5708,1,0.2020,-2.4710,-0.1267,-1.7876,-1.0402,0.7583,-0.0823,0.3792,0.0000
3781.5875,1,0.2020,-2.4710,-0.1251,-1.7907,-1.0428,0.7549,-0.0798,0.3774,0.0000
3781.6041,1,0.2020,-2.4710,-0.1231,-1.7948,-1.0458,0.7503,-0.0769,0.3751,0.0000
3781.6207,1,0.2020,-2.4710,-0.1209,-1.7998,-1.0487,0.7448,-0.0736,0.3724,0.0000
3781.6375,1,0.2020,-2.4710,-0.1185,-1.8059,-1.0520,0.7382,-0.0698,0.3691,0.0000
3781.6541,1,0.2020,-2.4710,-0.1157,-1.8127,-1.0548,0.7309,-0.0664,0.3655,0.0000
3781.6707,1,0.2020,-2.4710,-0.1124,-1.8196,-1.0564,0.7233,-0.0647,0.3616,0.0000
3781.6874,1,0.2020,-2.4710,-0.1065,-1.8268,-1.0569,0.7143,-0.0674,0.3571,0.0000
3781.7041,1,0.2020,-2.4710,-0.1019,-1.8333,-1.0521,0.7064,-0.0740,0.3532,0.0000
3781.7207,1,0.2020,-2.4710,-0.0990,-1.8392,-1.0528,0.6999,-0.0733,0.3499,0.0000
3781.7375,1,0.2020,-2.4710,-0.0967,-1.8466,-1.0582,0.6922,-0.0664,0.3461,0.0000
3781.7541,1,0.2020,-2.4710,-0.0937,-1.8534,-1.0610,0.6847,-0.0633,0.3424,0.0000
3781.7708,1,0.2020,-2.4710,-0.0918,-1.8588,-1.0643,0.6790,-0.0590,0.3395,0.0000
3781.7874,1,0.2020,-2.4710,-0.0893,-1.8655,-1.0651,0.6720,-0.0573,0.3360,0.0000
3781.8041,1,0.2020,-2.4710,-0.0876,-1.8714,-1.0681,0.6659,-0.0529,0.3329,0.0000
3781.8210,1,0.2020,-2.4710,-0.0855,-1.8765,-1.0701,0.6604,-0.0502,0.3302,0.0000
3781.8378,1,0.2020,-2.4710,-0.0836,-1.8790,-1.0734,0.6573,-0.0478,0.3287,0.0000
3781.8541,1,0.2020,-2.4710,-0.0815,-1.8827,-1.0745,0.6531,-0.0473,0.3265,0.0000
3781.8708,1,0.2020,-2.4710,-0.0795,-1.8876,-1.0762,0.6477,-0.0450,0.3239,0.0000
3781.8874,1,0.2020,-2.4710,-0.0773,-1.8916,-1.0777,0.6432,-0.0440,0.3216,0.0000
3781.9041,1,0.2020,-2.4710,-0.0757,-1.8956,-1.0817,0.6389,-0.0394,0.3195,0.0000
3781.9208,1,0.2020,-2.4710,-0.0735,-1.8994,-1.0823,0.6346,-0.0393,0.3173,0.0000
3781.9374,1,0.2020,-2.4710,-0.0712,-1.9031,-1.0822,0.6302,-0.0402,0.3151,0.0000
3781.9541,1,0.2020,-2.4710,-0.0687,-1.9074,-1.0825,0.6253,-0.0405,0.3126,0.0000
3781.9707,1,0.2020,-2.4710,-0.0659,-1.9119,-1.0824,0.6200,-0.0416,0.3100,0.0000
3781.9875,1,0.2020,-2.4710,-0.0631,-1.9166,-1.0827,0.6145,-0.0421,0.3072,0.0000
3782.0041,1,0.2020,-2.4710,-0.0602,-1.9215,-1.0829,0.6089,-0.0427,0.3044,0.0000
3782.0207,1,0.2020,-2.4710,-0.0572,-1.9264,-1.0826,0.6032,-0.0440,0.3016,0.0000
3782.0374,1,0.2020,-2.4710,-0.0545,-1.9314,-1.0826,0.5975,-0.0445,0.2987,0.0000
3782.0541,1,0.2020,-2.4710,-0.0515,-1.9363,-1.0824,0.5918,-0.0457,0.2959,0.0000
3782.0707,1,0.2020,-2.4710,-0.0487,-1.9410,-1.0825,0.5863,-0.0466,0.2932,0.0000
3782.0874,1,0.2020,-2.4710,-0.0458,-1.9454,-1.0826,0.5811,-0.0476,0.2906,0.0000
3782.1041,1,0.2020,-2.4710,-0.0429,-1.9498,-1.0831,0.5759,-0.0485,0.2879,0.0000
3782.1208,1,0.2020,-2.4710,-0.0400,-1.9542,-1.0832,0.5707,-0.0496,0.2853,0.0000
3782.1374,1,0.2020,-2.4710,-0.0375,-1.9585,-1.0838,0.5657,-0.0499,0.2829,0.0000
3782.1541,1,0.2020,-2.4710,-0.0348,-1.9627,-1.0837,0.5608,-0.0511,0.2804,0.0000
3782.1708,1,0.2020,-2.4710,-0.0324,-1.9668,-1.0835,0.5560,-0.0522,0.2780,0.0000
3782.1875,1,0.2020,-2.4710,-0.0300,-1.9708,-1.0836,0.5514,-0.0530,0.2757,0.0000
3782.2041,1,0.2020,-2.4710,-0.0276,-1.9749,-1.0838,0.5467,-0.0535,0.2733,0.0000
3782.2208,1,0.2020,-2.4710,-0.0252,-1.9787,-1.0836,0.5422,-0.0549,0.2711,0.0000
3782.2374,1,0.2020,-2.4710,-0.0229,-1.9824,-1.0836,0.5379,-0.0558,0.2690,0.0000
3782.2541,1,0.2020,-2.4710,-0.0209,-1.9861,-1.0840,0.5337,-0.0558,0.2668,0.0000
3782.2709,1,0.2020,-2.4710,-0.0186,-1.9898,-1.0836,0.5294,-0.0573,0.2647,0.0000
3782.2874,1,0.2020,-2.4710,-0.0167,-1.9935,-1.0833,0.5252,-0.0580,0.2626,0.0000
3782.3041,1,0.2020,-2.4710,-0.0148,-1.9973,-1.0834,0.5210,-0.0582,0.2605,0.0000
3782.3208,1,0.2020,-2.4710,-0.0127,-2.0009,-1.0830,0.5168,-0.0594,0.2584,0.0000
3782.3375,1,0.2020,-2.4710,-0.0105,-2.0044,-1.0831,0.5127,-0.0603,0.2564,0.0000
3782.3541,1,0.2020,-2.4710,-0.0083,-2.0077,-1.0833,0.5088,-0.0615,0.2544,0.0000
3782.3708,1,0.2020,-2.4710,-0.0062,-2.0110,-1.0838,0.5049,-0.0619,0.2525,0.0000
3782.3874,1,0.2020,-2.4710,-0.0042,-2.0145,-1.0844,0.5010,-0.0621,0.2505,0.0000
3782.4041,1,0.2020,-2.4710,-0.0021,-2.0179,-1.0844,0.4970,-0.0632,0.2485,0.0000
3782.4208,1,0.2020,-2.4710,-0.0000,-2.0216,-1.0837,0.4928,-0.0646,0.2464,0.0000
3782.4374,1,0.2020,-2.4710,0.0018,-2.0253,-1.0838,0.4886,-0.0649,0.2443,0.0000
3782.4541,1,0.2020,-2.4710,0.0040,-2.0291,-1.0836,0.4842,-0.0659,0.2421,0.0000
3782.4708,1,0.2020,-2.4710,0.0062,-2.0328,-1.0840,0.4800,-0.0666,0.2400,0.0000
3782.4875,1,0.2020,-2.4710,0.0086,-2.0364,-1.0841,0.4757,-0.0681,0.2379,0.0000
3782.5041,1,0.2020,-2.4710,0.0107,-2.0398,-1.0848,0.4717,-0.0685,0.2358,0.0000
3782.5208,1,0.2020,-2.4710,0.0125,-2.0437,-1.0848,0.4674,-0.0685,0.2337,0.0000
3782.5374,1,0.2020,-2.4710,0.0145,-2.0471,-1.0848,0.4635,-0.0695,0.2318,0.0000
3782.5541,1,0.2020,-2.4710,0.0156,-2.0492,-1.0870,0.4612,-0.0678,0.2306,0.0000
3782.5710,1,0.2020,-2.4710,0.0144,-2.0527,-1.0909,0.4584,-0.0583,0.2292,0.0000
3782.5875,1,0.2020,-2.4710,0.0161,-2.0561,-1.0935,0.4547,-0.0561,0.2273,0.0000
3782.6042,1,0.2020,-2.4710,0.0199,-2.0593,-1.0897,0.4502,-0.0647,0.2251,0.0000
3782.6208,1,0.2020,-2.4710,0.0219,-2.0623,-1.0921,0.4466,-0.0635,0.2233,0.0000
3782.6375,1,0.2020,-2.4710,0.0252,-2.0646,-1.0924,0.4431,-0.0680,0.2216,0.0000
3782.6541,1,0.2020,-2.4710,0.0255,-2.0676,-1.0935,0.4404,-0.0648,0.2202,0.0000
3782.6708,1,0.2020,-2.4710,0.0268,-2.0707,-1.0942,0.4370,-0.0640,0.2185,0.0000
3782.6874,1,0.2020,-2.4710,0.0288,-2.0739,-1.0939,0.4333,-0.0656,0.2166,0.0000
3782.7041,1,0.2020,-2.4710,0.0309,-2.0772,-1.0933,0.4293,-0.0676,0.2147,0.0000
3782.7208,1,0.2020,-2.4710,0.0328,-2.0807,-1.0927,0.4254,-0.0690,0.2127,0.0000
3782.7375,1,0.2020,-2.4710,0.0346,-2.0840,-1.0935,0.4217,-0.0689,0.2108,0.0000
3782.7541,1,0.2020,-2.4710,0.0370,-2.0872,-1.0927,0.4177,-0.0721,0.2089,0.0000
3782.7708,1,0.2020,-2.4710,0.0391,-2.0903,-1.0931,0.4141,-0.0733,0.2070,0.0000
3782.7874,1,0.2020,-2.4710,0.0407,-2.0934,-1.0937,0.4106,-0.0733,0.2053,0.0000
3782.8041,1,0.2020,-2.4710,0.0425,-2.0964,-1.0942,0.4072,-0.0742,0.2036,0.0000
3782.8209,1,0.2020,-2.4710,0.0444,-2.0994,-1.0934,0.4036,-0.0762,0.2018,0.0000
3782.8375,1,0.2020,-2.4710,0.0460,-2.1023,-1.0933,0.4003,-0.0772,0.2002,0.0000
3782.8541,1,0.2020,-2.4710,0.0469,-2.1052,-1.0945,0.3973,-0.0753,0.1987,0.0000
3782.8708,1,0.2020,-2.4710,0.0474,-2.1073,-1.0971,0.3952,-0.0716,0.1976,0.0000
3782.8874,1,0.2020,-2.4710,0.0500,-2.1106,-1.0991,0.3911,-0.0724,0.1956,0.0000
3782.9041,1,0.2020,-2.4710,0.0526,-2.1133,-1.1024,0.3876,-0.0728,0.1938,0.0000
3782.9208,1,0.2020,-2.4710,0.0558,-2.1169,-1.1023,0.3830,-0.0770,0.1915,0.0000
3782.9375,1,0.2020,-2.4710,0.0562,-2.1182,-1.1027,0.3818,-0.0762,0.1909,0.0000
3782.9542,1,0.2020,-2.4710,0.0604,-2.1188,-1.0923,0.3796,-0.0963,0.0000,-0.0241
3782.9708,1,0.2020,-2.4710,0.0607,-2.1205,-1.0946,0.3779,-0.0929,0.0000,-0.0232
3782.9874,1,0.2020,-2.4710,0.0628,-2.1240,-1.0945,0.3739,-0.0948,0.0000,-0.0237
3783.0041,1,0.2020,-2.4710,0.0642,-2.1263,-1.0940,0.3712,-0.0964,0.0000,-0.0241
3783.0208,1,0.2020,-2.4710,0.0660,-2.1290,-1.0935,0.3680,-0.0989,0.0000,-0.0247
3783.0374,1,0.2020,-2.4710,0.0688,-2.1323,-1.0931,0.3640,-0.1028,0.0000,-0.0257
3783.0541,1,0.2020,-2.4710,0.0705,-2.1353,-1.0938,0.3605,-0.1038,0.0000,-0.0260
3783.0708,1,0.2020,-2.4710,0.0723,-2.1380,-1.0942,0.3574,-0.1052,0.0000,-0.0263
3783.0874,1,0.2020,-2.4710,0.0740,-2.1406,-1.0945,0.3544,-0.1067,0.0000,-0.0267
3783.1041,1,0.2020,-2.4710,0.0757,-2.1431,-1.0951,0.3513,-0.1080,0.0000,-0.0270
3783.1208,1,0.2020,-2.4710,0.0774,-2.1453,-1.0976,0.3488,-0.1077,0.0000,-0.0269
3783.1374,1,0.2020,-2.4710,0.0787,-2.1478,-1.0978,0.3459,-0.1085,0.0000,-0.0271
3783.1541,1,0.2020,-2.4710,0.0798,-2.1502,-1.0977,0.3432,-0.1092,0.0000,-0.0273
3783.1708,1,0.2020,-2.4710,0.0808,-2.1521,-1.0977,0.3412,-0.1098,0.0000,-0.0275
3783.1874,1,0.2020,-2.4710,0.0816,-2.1530,-1.0981,0.3400,-0.1108,0.0000,-0.0277
3783.2041,1,0.2020,-2.4710,0.0820,-2.1528,-1.0986,0.3401,-0.1115,0.0000,-0.0279
3783.2208,1,0.2020,-2.4710,0.0817,-2.1518,-1.0988,0.3412,-0.1116,0.0000,-0.0279
3783.2374,1,0.2020,-2.4710,0.0819,-2.1515,-1.0971,0.3414,-0.1142,0.0000,-0.0286
3783.2541,1,0.2020,-2.4710,0.0823,-2.1508,-1.0974,0.3419,-0.1156,0.0000,-0.0289
3783.2708,1,0.2020,-2.4710,0.0820,-2.1503,-1.0987,0.3424,-0.1140,0.0000,-0.0285
3783.2875,1,0.2020,-2.4710,0.0820,-2.1503,-1.0987,0.3424,-0.1140,0.0000,-0.0285
3783.3041,1,0.2020,-2.4710,0.0820,-2.1503,-1.0987,0.3424,-0.1140,0.0000,-0.0285
3783.3208,1,0.2020,-2.4710,0.0820,-2.1503,-1.0987,0.3424,-0.1140,0.0000,-0.0285
3783.3375,1,0.2020,-2.4710,0.0820,-2.1503,-1.0987,0.3424,-0.1140,0.0000,-0.0285
3783.3541,1,0.2020,-2.4710,0.0820,-2.1503,-1.0987,0.3424,-0.1140,0.0000,-0.0285
3783.3708,1,0.2020,-2.4710,0.0820,-2.1503,-1.0987,0.3424,-0.1140,0.0000,-0.0285
3783.3875,1,0.2020,-2.4710,0.0820,-2.1503,-1.0987,0.3424,-0.1140,0.0000,-0.0285
3783.4041,1,0.2020,-2.4710,0.0820,-2.1503,-1.0987,0.3424,-0.1140,0.0000,-0.0285
3783.4208,1,0.2020,-2.4710,0.0820,-2.1503,-1.0987,0.3424,-0.1140,0.0000,-0.0285
3783.4374,1,0.2020,-2.4710,0.0820,-2.1503,-1.0987,0.3424,-0.1140,0.0000,-0.0285
3783.4541,1,0.2020,-2.4710,0.0820,-2.1503,-1.0987,0.3424,-0.1140,0.0000,-0.0285
3783.4708,1,0.2020,-2.4710,0.0820,-2.1503,-1.0987,0.3424,-0.1140,0.0000,-0.0285
3783.4875,1,0.2020,-2.4710,0.0820,-2.1503,-1.0987,0.3424,-0.1140,0.0000,-0.0285
3783.5041,1,0.2020,-2.4710,0.0820,-2.1503,-1.0987,0.3424,-0.1140,0.0000,-0.0285
3783.5208,1,0.2020,-2.4710,0.0820,-2.1503,-1.0987,0.3424,-0.1140,0.0000,-0.0285
3783.5375,1,0.2020,-2.4710,0.0820,-2.1503,-1.0987,0.3424,-0.1140,0.0000,-0.0285
3783.5541,1,0.2020,-2.4710,0.0820,-2.1503,-1.0987,0.3424,-0.1140,0.0000,-0.0285
3783.5708,1,0.2020,-2.4710,0.0820,-2.1503,-1.0987,0.3424,-0.1140,0.0000,-0.0285
3783.5875,1,0.2020,-2.4710,0.0820,-2.1503,-1.0987,0.3424,-0.1140,0.0000,-0.0285
3783.6041,1,0.2020,-2.4710,0.0820,-2.1503,-1.0987,0.3424,-0.1140,0.0000,-0.0285
3783.6208,1,0.2020,-2.4710,0.0820,-2.1503,-1.0987,0.3424,-0.1140,0.0000,-0.0285
3783.6375,1,0.2020,-2.4710,0.0820,-2.1503,-1.0987,0.3424,-0.1140,0.0000,-0.0285
3783.6541,1,0.2020,-2.4710,0.0820,-2.1503,-1.0987,0.3424,-0.1140,0.0000,-0.0285
3783.6708,1,0.2020,-2.4710,0.0820,-2.1503,-1.0987,0.3424,-0.1140,0.0000,-0.0285
3783.6874,1,0.2020,-2.4710,0.0820,-2.1503,-1.0987,0.3424,-0.1140,0.0000,-0.0285
3783.7041,1,0.2020,-2.4710,0.0820,-2.1503,-1.0987,0.3424,-0.1140,0.0000,-0.0285
3783.7208,1,0.2020,-2.4710,0.0820,-2.1503,-1.0987,0.3424,-0.1140,0.0000,-0.0285
3783.7375,1,0.2020,-2.4710,0.0820,-2.1503,-1.0987,0.3424,-0.1140,0.0000,-0.0285
3783.7541,1,0.2020,-2.4710,0.0820,-2.1503,-1.0987,0.3424,-0.1140,0.0000,-0.0285
3783.7708,1,0.2020,-2.4710,0.0820,-2.1503,-1.0987,0.3424,-0.1140,0.0000,-0.0285
3783.7875,1,0.2020,-2.4710,0.0820,-2.1503,-1.0987,0.3424,-0.1140,0.0000,-0.0285
3783.8041,1,0.2020,-2.4710,0.0820,-2.1503,-1.0987,0.3424,-0.1140,0.0000,-0.0285
3783.8208,1,0.2020,-2.4710,0.0820,-2.1503,-1.0987,0.3424,-0.1140,0.0000,-0.0285
3783.8375,1,0.2020,-2.4710,0.0820,-2.1503,-1.0987,0.3424,-0.1140,0.0000,-0.0285
3783.8541,1,0.2020,-2.4710,0.0820,-2.1503,-1.0987,0.3424,-0.1140,0.0000,-0.0285
3783.8708,1,0.2020,-2.4710,0.0820,-2.1503,-1.0987,0.3424,-0.1140,0.0000,-0.0285
3783.8875,1,0.2020,-2.4710,0.0820,-2.1503,-1.0987,0.3424,-0.1140,0.0000,-0.0285
3783.9041,1,0.2020,-2.4710,0.0820,-2.1503,-1.0987,0.3424,-0.1140,0.0000,-0.0285
3783.9208,1,0.2020,-2.4710,0.0820,-2.1503,-1.0987,0.3424,-0.1140,0.0000,-0.0285
3783.9375,1,0.2020,-2.4710,0.0820,-2.1503,-1.0987,0.3424,-0.1140,0.0000,-0.0285
3783.9541,1,0.2020,-2.4710,0.0820,-2.1503,-1.0987,0.3424,-0.1140,0.0000,-0.0285
3783.9708,1,0.2020,-2.4710,0.0820,-2.1503,-1.0987,0.3424,-0.1140,0.0000,-0.0285
3783.9875,1,0.2020,-2.4710,0.0820,-2.1503,-1.0987,0.3424,-0.1140,0.0000,-0.0285
3784.0041,1,0.2020,-2.4710,0.0820,-2.1503,-1.0987,0.3424,-0.1140,0.0000,-0.0285
3784.0208,1,0.2020,-2.4710,0.0820,-2.1503,-1.0987,0.3424,-0.1140,0.0000,-0.0285
3784.0375,1,0.2020,-2.4710,0.0820,-2.1503,-1.0987,0.3424,-0.1140,0.0000,-0.0285
3784.0541,1,0.2020,-2.4710,0.0820,-2.1503,-1.0987,0.3424,-0.1140,0.0000,-0.0285
3784.0708,1,0.2020,-2.4710,0.0820,-2.1503,-1.0987,0.3424,-0.1140,0.0000,-0.0285
3784.0875,1,0.2020,-2.4710,0.0820,-2.1503,-1.0987,0.3424,-0.1140,0.0000,-0.0285
3784.1042,1,0.2020,-2.4710,0.0820,-2.1503,-1.0987,0.3424,-0.1140,0.0000,-0.0285
3784.1208,1,0.2020,-2.4710,0.0820,-2.1503,-1.0987,0.3424,-0.1140,0.0000,-0.0285
3784.1374,1,0.2020,-2.4710,0.0820,-2.1503,-1.0987,0.3424,-0.1140,0.0000,-0.0285
3784.1541,1,0.2020,-2.4710,0.0820,-2.1503,-1.0987,0.3424,-0.1140,0.0000,-0.0285
3784.1708,1,0.2020,-2.4710,0.0820,-2.1503,-1.0987,0.3424,-0.1140,0.0000,-0.0285
3784.1874,1,0.2020,-2.4710,0.0820,-2.1503,-1.0987,0.3424,-0.1140,0.0000,-0.0285
3784.2041,1,0.2020,-2.4710,0.0820,-2.1503,-1.0987,0.3424,-0.1140,0.0000,-0.0285
3784.2208,1,0.2020,-2.4710,0.0820,-2.1503,-1.0987,0.3424,-0.1140,0.0000,-0.0285
3784.2374,1,0.2020,-2.4710,0.0820,-2.1503,-1.0987,0.3424,-0.1140,0.0000,-0.0285
3784.2541,1,0.2020,-2.4710,0.0820,-2.1503,-1.0987,0.3424,-0.1140,0.0000,-0.0285
3784.2708,1,0.2020,-2.4710,0.0820,-2.1503,-1.0987,0.3424,-0.1140,0.0000,-0.0285
3784.2874,1,0.2020,-2.4710,0.0820,-2.1503,-1.0987,0.3424,-0.1140,0.0000,-0.0285
3784.3041,1,0.2020,-2.4710,0.0820,-2.1503,-1.0987,0.3424,-0.1140,0.0000,-0.0285
3784.3208,1,0.2020,-2.4710,0.0820,-2.1503,-1.0987,0.3424,-0.1140,0.0000,-0.0285
3784.3374,1,0.2020,-2.4710,0.0820,-2.1503,-1.0987,0.3424,-0.1140,0.0000,-0.0285
3784.3542,1,0.2020,-2.4710,0.0820,-2.1503,-1.0987,0.3424,-0.1140,0.0000,-0.0285
3784.3708,1,0.2020,-2.4710,0.0820,-2.1503,-1.0987,0.3424,-0.1140,0.0000,-0.0285
3784.3874,1,0.2020,-2.4710,0.0820,-2.1503,-1.0987,0.3424,-0.1140,0.0000,-0.0285
3784.4041,1,0.2020,-2.4710,0.0820,-2.1503,-1.0987,0.3424,-0.1140,0.0000,-0.0285
3784.4208,1,0.2020,-2.4710,0.0820,-2.1503,-1.0987,0.3424,-0.1140,0.0000,-0.0285
3784.4374,1,0.2020,-2.4710,0.0820,-2.1503,-1.0987,0.3424,-0.1140,0.0000,-0.0285
3784.4541,1,0.2020,-2.4710,0.0820,-2.1503,-1.0987,0.3424,-0.1140,0.0000,-0.0285
3784.4708,1,0.2020,-2.4710,0.0820,-2.1503,-1.0987,0.3424,-0.1140,0.0000,-0.0285
3784.4874,1,0.2020,-2.4710,0.0820,-2.1503,-1.0987,0.3424,-0.1140,0.0000,-0.0285
3784.5041,1,0.2020,-2.4710,0.0820,-2.1503,-1.0987,0.3424,-0.1140,0.0000,-0.0285
3784.5208,1,0.2020,-2.4710,0.0820,-2.1503,-1.0987,0.3424,-0.1140,0.0000,-0.0285
3784.5374,1,0.2020,-2.4710,0.0820,-2.1503,-1.0987,0.3424,-0.1140,0.0000,-0.0285
3784.5541,1,0.2020,-2.4710,0.0820,-2.1503,-1.0987,0.3424,-0.1140,0.0000,-0.0285
3784.5708,1,0.2020,-2.4710,0.0820,-2.1503,-1.0987,0.3424,-0.1140,0.0000,-0.0285
3784.5874,1,0.2020,-2.4710,0.0820,-2.1503,-1.0987,0.3424,-0.1140,0.0000,-0.0285
3784.6041,1,0.2020,-2.4710,0.0820,-2.1503,-1.0987,0.3424,-0.1140,0.0000,-0.0285
3784.6208,1,0.2020,-2.4710,0.0820,-2.1503,-1.0987,0.3424,-0.1140,0.0000,-0.0285
3784.6374,1,0.2020,-2.4710,0.0820,-2.1503,-1.0987,0.3424,-0.1140,0.0000,-0.0285
3784.6541,1,0.2020,-2.4710,0.0820,-2.1503,-1.0987,0.3424,-0.1140,0.0000,-0.0285
3784.6708,1,0.2020,-2.4710,0.0820,-2.1503,-1.0987,0.3424,-0.1140,0.0000,-0.0285
3784.6874,1,0.2020,-2.4710,0.0820,-2.1503,-1.0987,0.3424,-0.1140,0.0000,-0.0285
3784.7041,1,0.2020,-2.4710,0.0820,-2.1503,-1.0987,0.3424,-0.1140,0.0000,-0.0285
3784.7208,1,0.2020,-2.4710,0.0820,-2.1503,-1.0987,0.3424,-0.1140,0.0000,-0.0285
3784.7374,1,0.2020,-2.4710,0.0820,-2.1503,-1.0987,0.3424,-0.1140,0.0000,-0.0285
3784.7541,1,0.2020,-2.4710,0.0820,-2.1503,-1.0987,0.3424,-0.1140,0.0000,-0.0285
3784.7708,1,0.2020,-2.4710,0.0820,-2.1503,-1.0987,0.3424,-0.1140,0.0000,-0.0285
3784.7874,1,0.2020,-2.4710,0.0820,-2.1503,-1.0987,0.3424,-0.1140,0.0000,-0.0285
3784.8041,1,0.2020,-2.4710,0.0820,-2.1503,-1.0987,0.3424,-0.1140,0.0000,-0.0285
3784.8208,1,0.2020,-2.4710,0.0820,-2.1503,-1.0987,0.3424,-0.1140,0.0000,-0.0285
3784.8376,1,0.2020,-2.4710,0.0820,-2.1503,-1.0987,0.3424,-0.1140,0.0000,-0.0285
3784.8541,1,0.2020,-2.4710,0.0820,-2.1503,-1.0987,0.3424,-0.1140,0.0000,-0.0285
3784.8708,1,0.2020,-2.4710,0.0820,-2.1503,-1.0987,0.3424,-0.1140,0.0000,-0.0285
3784.8874,1,0.2020,-2.4710,0.0820,-2.1503,-1.0987,0.3424,-0.1140,0.0000,-0.0285
3784.9041,1,0.2020,-2.4710,0.0820,-2.1503,-1.0987,0.3424,-0.1140,0.0000,-0.0285
3784.9208,1,0.2020,-2.4710,0.0820,-2.1503,-1.0987,0.3424,-0.1140,0.0000,-0.0285
3784.9375,1,0.2020,-2.4710,0.0820,-2.1503,-1.0987,0.3424,-0.1140,0.0000,-0.0285
3784.9541,1,0.2020,-2.4710,0.0820,-2.1503,-1.0987,0.3424,-0.1140,0.0000,-0.0285
3784.9708,1,0.2020,-2.4710,0.0820,-2.1503,-1.0987,0.3424,-0.1140,0.0000,-0.0285
3784.9874,1,0.2020,-2.4710,0.0820,-2.1503,-1.0987,0.3424,-0.1140,0.0000,-0.0285
3785.0041,1,0.2020,-2.4710,0.0820,-2.1503,-1.0987,0.3424,-0.1140,0.0000,-0.0285
3785.0208,1,0.2020,-2.4710,0.0820,-2.1503,-1.0987,0.3424,-0.1140,0.0000,-0.0285
3785.0374,1,0.2020,-2.4710,0.0820,-2.1503,-1.0987,0.3424,-0.1140,0.0000,-0.0285
3785.0541,1,0.2020,-2.4710,0.0820,-2.1503,-1.0987,0.3424,-0.1140,0.0000,-0.0285
3785.0707,1,0.2020,-2.4710,0.0820,-2.1503,-1.0987,0.3424,-0.1140,0.0000,-0.0285
3785.0873,1,0.2020,-2.4710,0.0820,-2.1503,-1.0987,0.3424,-0.1140,0.0000,-0.0285
3785.1041,1,0.2020,-2.4710,0.0820,-2.1503,-1.0987,0.3424,-0.1140,0.0000,-0.0285
3785.1208,1,0.2020,-2.4710,0.0820,-2.1503,-1.0987,0.3424,-0.1140,0.0000,-0.0285
3785.1374,1,0.2020,-2.4710,0.0820,-2.1503,-1.0987,0.3424,-0.1140,0.0000,-0.0285
3785.1541,1,0.2020,-2.4710,0.0820,-2.1503,-1.0987,0.3424,-0.1140,0.0000,-0.0285
3785.1708,1,0.2020,-2.4710,0.0820,-2.1503,-1.0987,0.3424,-0.1140,0.0000,-0.0285
3785.1874,1,0.2020,-2.4710,0.0820,-2.1503,-1.0987,0.3424,-0.1140,0.0000,-0.0285
3785.2041,1,0.2020,-2.4710,0.0820,-2.1503,-1.0987,0.3424,-0.1140,0.0000,-0.0285
3785.2208,1,0.2020,-2.4710,0.0820,-2.1503,-1.0987,0.3424,-0.1140,0.0000,-0.0285
3785.2374,1,0.2020,-2.4710,0.0820,-2.1503,-1.0987,0.3424,-0.1140,0.0000,-0.0285
3785.2541,1,0.2020,-2.4710,0.0820,-2.1503,-1.0987,0.3424,-0.1140,0.0000,-0.0285
3785.2708,1,0.2020,-2.4710,0.0820,-2.1503,-1.0987,0.3424,-0.1140,0.0000,-0.0285
3785.2874,1,0.2020,-2.4710,0.0820,-2.1503,-1.0987,0.3424,-0.1140,0.0000,-0.0285
3785.3041,1,0.2020,-2.4710,0.0820,-2.1503,-1.0987,0.3424,-0.1140,0.0000,-0.0285
3785.3208,1,0.2020,-2.4710,0.0820,-2.1503,-1.0987,0.3424,-0.1140,0.0000,-0.0285
3785.3375,1,0.2020,-2.4710,0.0820,-2.1503,-1.0987,0.3424,-0.1140,0.0000,-0.0285
3785.3541,1,0.2020,-2.4710,0.0820,-2.1503,-1.0987,0.3424,-0.1140,0.0000,-0.0285
3785.3708,1,0.2020,-2.4710,0.0820,-2.1503,-1.0987,0.3424,-0.1140,0.0000,-0.0285
3785.3874,1,0.2020,-2.4710,0.0820,-2.1503,-1.0987,0.3424,-0.1140,0.0000,-0.0285
3785.4041,1,0.2020,-2.4710,0.0820,-2.1503,-1.0987,0.3424,-0.1140,0.0000,-0.0285
3785.4207,1,0.2020,-2.4710,0.0820,-2.1503,-1.0987,0.3424,-0.1140,0.0000,-0.0285
3785.4374,1,0.2020,-2.4710,0.0820,-2.1503,-1.0987,0.3424,-0.1140,0.0000,-0.0285
3785.4541,1,0.2020,-2.4710,0.0820,-2.1503,-1.0987,0.3424,-0.1140,0.0000,-0.0285
3785.4708,1,0.2020,-2.4710,0.0820,-2.1503,-1.0987,0.3424,-0.1140,0.0000,-0.0285
3785.4874,1,0.2020,-2.4710,0.0820,-2.1503,-1.0987,0.3424,-0.1140,0.0000,-0.0285
3785.5041,1,0.2020,-2.4710,0.0820,-2.1503,-1.0987,0.3424,-0.1140,0.0000,-0.0285
3785.5208,1,0.2020,-2.4710,0.0820,-2.1503,-1.0987,0.3424,-0.1140,0.0000,-0.0285
3785.5374,1,0.2020,-2.4710,0.0820,-2.1503,-1.0987,0.3424,-0.1140,0.0000,-0.0285
3785.5541,1,0.2020,-2.4710,0.0820,-2.1503,-1.0987,0.3424,-0.1140,0.0000,-0.0285
3785.5708,1,0.2020,-2.4710,0.0820,-2.1503,-1.0987,0.3424,-0.1140,0.0000,-0.0285
3785.5874,1,0.2020,-2.4710,0.0820,-2.1503,-1.0987,0.3424,-0.1140,0.0000,-0.0285
3785.6041,1,0.2020,-2.4710,0.0820,-2.1503,-1.0987,0.3424,-0.1140,0.0000,-0.0285
3785.6208,1,0.2020,-2.4710,0.0820,-2.1503,-1.0987,0.3424,-0.1140,0.0000,-0.0285
3785.6374,1,0.2020,-2.4710,0.0820,-2.1503,-1.0987,0.3424,-0.1140,0.0000,-0.0285
3785.6541,1,0.2020,-2.4710,0.0820,-2.1503,-1.0987,0.3424,-0.1140,0.0000,-0.0285
3785.6708,1,0.2020,-2.4710,0.0820,-2.1503,-1.0987,0.3424,-0.1140,0.0000,-0.0285
3785.6874,1,0.2020,-2.4710,0.0820,-2.1503,-1.0987,0.3424,-0.1140,0.0000,-0.0285
3785.7041,1,0.2020,-2.4710,0.0820,-2.1503,-1.0987,0.3424,-0.1140,0.0000,-0.0285
3785.7208,1,0.2020,-2.4710,0.0820,-2.1503,-1.0987,0.3424,-0.1140,0.0000,-0.0285
3785.7374,1,0.2020,-2.4710,0.0820,-2.1503,-1.0987,0.3424,-0.1140,0.0000,-0.0285
3785.7541,1,0.2020,-2.4710,0.0820,-2.1503,-1.0987,0.3424,-0.1140,0.0000,-0.0285
3785.7708,1,0.2020,-2.4710,0.0820,-2.1503,-1.0987,0.3424,-0.1140,0.0000,-0.0285
3785.7874,1,0.2020,-2.4710,0.0820,-2.1503,-1.0987,0.3424,-0.1140,0.0000,-0.0285
3785.8041,1,0.2020,-2.4710,0.0820,-2.1503,-1.0987,0.3424,-0.1140,0.0000,-0.0285
3785.8208,1,0.2020,-2.4710,0.0820,-2.1503,-1.0987,0.3424,-0.1140,0.0000,-0.0285
3785.8374,1,0.2020,-2.4710,0.0820,-2.1503,-1.0987,0.3424,-0.1140,0.0000,-0.0285
3785.8541,1,0.2020,-2.4710,0.0820,-2.1503,-1.0987,0.3424,-0.1140,0.0000,-0.0285
3785.8708,1,0.2020,-2.4710,0.0820,-2.1503,-1.0987,0.3424,-0.1140,0.0000,-0.0285
3785.8875,1,0.2020,-2.4710,0.0820,-2.1503,-1.0987,0.3424,-0.1140,0.0000,-0.0285
3785.9041,1,0.2020,-2.4710,0.0820,-2.1503,-1.0987,0.3424,-0.1140,0.0000,-0.0285
3785.9208,1,0.2020,-2.4710,0.0820,-2.1503,-1.0987,0.3424,-0.1140,0.0000,-0.0285
3785.9375,1,0.2020,-2.4710,0.0820,-2.1503,-1.0987,0.3424,-0.1140,0.0000,-0.0285
3785.9541,1,0.2020,-2.4710,0.0820,-2.1503,-1.0987,0.3424,-0.1140,0.0000,-0.0285
3785.9708,1,0.2020,-2.4710,0.0820,-2.1503,-1.0987,0.3424,-0.1140,0.0000,-0.0285
3785.9874,1,0.2020,-2.4710,0.0820,-2.1503,-1.0987,0.3424,-0.1140,0.0000,-0.0285
3786.0041,1,0.2020,-2.4710,0.0820,-2.1503,-1.0987,0.3424,-0.1140,0.0000,-0.0285
3786.0208,1,0.2020,-2.4710,0.0820,-2.1503,-1.0987,0.3424,-0.1140,0.0000,-0.0285
3786.0375,1,0.2020,-2.4710,0.0820,-2.1503,-1.0987,0.3424,-0.1140,0.0000,-0.0285
3786.0541,1,0.2020,-2.4710,0.0820,-2.1503,-1.0987,0.3424,-0.1140,0.0000,-0.0285
3786.0708,1,0.2020,-2.4710,0.0820,-2.1503,-1.0987,0.3424,-0.1140,0.0000,-0.0285
3786.0874,1,0.2020,-2.4710,0.0820,-2.1503,-1.0987,0.3424,-0.1140,0.0000,-0.0285
3786.1041,1,0.2020,-2.4710,0.0820,-2.1503,-1.0987,0.3424,-0.1140,0.0000,-0.0285
3786.1208,1,0.2020,-2.4710,0.0820,-2.1503,-1.0987,0.3424,-0.1140,0.0000,-0.0285
3786.1375,1,0.2020,-2.4710,0.0820,-2.1503,-1.0987,0.3424,-0.1140,0.0000,-0.0285
3786.1541,1,0.2020,-2.4710,0.0820,-2.1503,-1.0987,0.3424,-0.1140,0.0000,-0.0285
3786.1708,1,0.2020,-2.4710,0.0820,-2.1503,-1.0987,0.3424,-0.1140,0.0000,-0.0285
3786.1874,1,0.2020,-2.4710,0.0820,-2.1503,-1.0987,0.3424,-0.1140,0.0000,-0.0285
3786.2041,1,0.2020,-2.4710,0.0820,-2.1503,-1.0987,0.3424,-0.1140,0.0000,-0.0285
3786.2208,1,0.2020,-2.4710,0.0820,-2.1503,-1.0987,0.3424,-0.1140,0.0000,-0.0285
3786.2375,1,0.2020,-2.4710,0.0820,-2.1503,-1.0987,0.3424,-0.1140,0.0000,-0.0285
3786.2541,1,0.2020,-2.4710,0.0820,-2.1503,-1.0987,0.3424,-0.1140,0.0000,-0.0285
3786.2708,1,0.2020,-2.4710,0.0820,-2.1503,-1.0987,0.3424,-0.1140,0.0000,-0.0285
3786.2874,1,0.2020,-2.4710,0.0820,-2.1503,-1.0987,0.3424,-0.1140,0.0000,-0.0285
3786.3041,1,0.2020,-2.4710,0.0820,-2.1503,-1.0987,0.3424,-0.1140,0.0000,-0.0285
3786.3208,1,0.2020,-2.4710,0.0820,-2.1503,-1.0987,0.3424,-0.1140,0.0000,-0.0285
3786.3374,1,0.2020,-2.4710,0.0820,-2.1503,-1.0987,0.3424,-0.1140,0.0000,-0.0285
3786.3542,1,0.2020,-2.4710,0.0820,-2.1503,-1.0987,0.3424,-0.1140,0.0000,-0.0285
3786.3708,1,0.2020,-2.4710,0.0820,-2.1503,-1.0987,0.3424,-0.1140,0.0000,-0.0285
3786.3874,1,0.2020,-2.4710,0.0820,-2.1503,-1.0987,0.3424,-0.1140,0.0000,-0.0285
3786.4041,1,0.2020,-2.4710,0.0820,-2.1503,-1.0987,0.3424,-0.1140,0.0000,-0.0285
3786.4208,1,0.2020,-2.4710,0.0820,-2.1503,-1.0987,0.3424,-0.1140,0.0000,-0.0285
3786.4374,1,0.2020,-2.4710,0.0820,-2.1503,-1.0987,0.3424,-0.1140,0.0000,-0.0285
3786.4541,1,0.2020,-2.4710,0.0820,-2.1503,-1.0987,0.3424,-0.1140,0.0000,-0.0285
3786.4708,1,0.2020,-2.4710,0.0820,-2.1503,-1.0987,0.3424,-0.1140,0.0000,-0.0285
3786.4874,1,0.2020,-2.4710,0.0820,-2.1503,-1.0987,0.3424,-0.1140,0.0000,-0.0285
3786.5041,1,0.2020,-2.4710,0.0820,-2.1503,-1.0987,0.3424,-0.1140,0.0000,-0.0285
3786.5208,1,0.2020,-2.4710,0.0820,-2.1503,-1.0987,0.3424,-0.1140,0.0000,-0.0285
3786.5374,1,0.2020,-2.4710,0.0820,-2.1503,-1.0987,0.3424,-0.1140,0.0000,-0.0285
3786.5542,1,0.2020,-2.4710,0.0820,-2.1503,-1.0987,0.3424,-0.1140,0.0000,-0.0285
3786.5708,1,0.2020,-2.4710,0.0820,-2.1503,-1.0987,0.3424,-0.1140,0.0000,-0.0285
3786.5874,1,0.2020,-2.4710,0.0820,-2.1503,-1.0987,0.3424,-0.1140,0.0000,-0.0285
3786.6041,1,0.2020,-2.4710,0.0820,-2.1503,-1.0987,0.3424,-0.1140,0.0000,-0.0285
3786.6208,1,0.2020,-2.4710,0.0820,-2.1503,-1.0987,0.3424,-0.1140,0.0000,-0.0285
3786.6374,1,0.2020,-2.4710,0.0820,-2.1503,-1.0987,0.3424,-0.1140,0.0000,-0.0285
3786.6542,1,0.2020,-2.4710,0.0820,-2.1503,-1.0987,0.3424,-0.1140,0.0000,-0.0285
3786.6708,1,0.2020,-2.4710,0.0820,-2.1503,-1.0987,0.3424,-0.1140,0.0000,-0.0285
3786.6874,1,0.2020,-2.4710,0.0820,-2.1503,-1.0987,0.3424,-0.1140,0.0000,-0.0285
3786.7041,1,0.2020,-2.4710,0.0820,-2.1503,-1.0987,0.3424,-0.1140,0.0000,-0.0285
3786.7208,1,0.2020,-2.4710,0.0820,-2.1503,-1.0987,0.3424,-0.1140,0.0000,-0.0285
3786.7374,1,0.2020,-2.4710,0.0820,-2.1503,-1.0987,0.3424,-0.1140,0.0000,-0.0285
3786.7542,1,0.2020,-2.4710,0.0820,-2.1503,-1.0987,0.3424,-0.1140,0.0000,-0.0285
3786.7708,1,0.2020,-2.4710,0.0820,-2.1503,-1.0987,0.3424,-0.1140,0.0000,-0.0285
3786.7875,1,0.2020,-2.4710,0.0820,-2.1503,-1.0987,0.3424,-0.1140,0.0000,-0.0285
3786.8041,1,0.2020,-2.4710,0.0820,-2.1503,-1.0987,0.3424,-0.1140,0.0000,-0.0285
3786.8208,1,0.2020,-2.4710,0.0820,-2.1503,-1.0987,0.3424,-0.1140,0.0000,-0.0285
3786.8374,1,0.2020,-2.4710,0.0820,-2.1503,-1.0987,0.3424,-0.1140,0.0000,-0.0285
3786.8541,1,0.2020,-2.4710,0.0820,-2.1503,-1.0987,0.3424,-0.1140,0.0000,-0.0285
3786.8708,1,0.2020,-2.4710,0.0820,-2.1503,-1.0987,0.3424,-0.1140,0.0000,-0.0285
3786.8875,1,0.2020,-2.4710,0.0820,-2.1503,-1.0987,0.3424,-0.1140,0.0000,-0.0285
3786.9041,1,0.2020,-2.4710,0.0820,-2.1503,-1.0987,0.3424,-0.1140,0.0000,-0.0285
3786.9208,1,0.2020,-2.4710,0.0820,-2.1503,-1.0987,0.3424,-0.1140,0.0000,-0.0285
3786.9374,1,0.2020,-2.4710,0.0820,-2.1503,-1.0987,0.3424,-0.1140,0.0000,-0.0285
3786.9542,1,0.2020,-2.4710,0.0820,-2.1503,-1.0987,0.3424,-0.1140,0.0000,-0.0285
3786.9708,1,0.2020,-2.4710,0.0820,-2.1503,-1.0987,0.3424,-0.1140,0.0000,-0.0285
3786.9874,1,0.2020,-2.4710,0.0820,-2.1503,-1.0987,0.3424,-0.1140,0.0000,-0.0285
3787.0041,1,0.2020,-2.4710,0.0820,-2.1503,-1.0987,0.3424,-0.1140,0.0000,-0.0285
3787.0209,1,0.2020,-2.4710,0.0820,-2.1503,-1.0987,0.3424,-0.1140,0.0000,-0.0285
3787.0379,1,0.2020,-2.4710,0.0820,-2.1503,-1.0987,0.3424,-0.1140,0.0000,-0.0285
3787.0542,1,0.2020,-2.4710,0.0820,-2.1503,-1.0987,0.3424,-0.1140,0.0000,-0.0285
3787.0708,1,0.2020,-2.4710,0.0820,-2.1503,-1.0987,0.3424,-0.1140,0.0000,-0.0285
3787.0875,1,0.2020,-2.4710,0.0820,-2.1503,-1.0987,0.3424,-0.1140,0.0000,-0.0285
3787.1042,1,0.2020,-2.4710,0.0820,-2.1503,-1.0987,0.3424,-0.1140,0.0000,-0.0285
3787.1208,1,0.2020,-2.4710,0.0820,-2.1503,-1.0987,0.3424,-0.1140,0.0000,-0.0285
3787.1376,1,0.2020,-2.4710,0.0820,-2.1503,-1.0987,0.3424,-0.1140,0.0000,-0.0285
3787.1542,1,0.2020,-2.4710,0.0820,-2.1503,-1.0987,0.3424,-0.1140,0.0000,-0.0285
3787.1709,1,0.2020,-2.4710,0.0820,-2.1503,-1.0987,0.3424,-0.1140,0.0000,-0.0285
3787.1875,1,0.2020,-2.4710,0.0820,-2.1503,-1.0987,0.3424,-0.1140,0.0000,-0.0285
3787.2042,1,0.2020,-2.4710,0.0820,-2.1503,-1.0987,0.3424,-0.1140,0.0000,-0.0285
3787.2208,1,0.2020,-2.4710,0.0820,-2.1503,-1.0987,0.3424,-0.1140,0.0000,-0.0285
3787.2376,1,0.2020,-2.4710,0.0820,-2.1503,-1.0987,0.3424,-0.1140,0.0000,-0.0285
3787.2542,1,0.2020,-2.4710,0.0820,-2.1503,-1.0987,0.3424,-0.1140,0.0000,-0.0285
3787.2708,1,0.2020,-2.4710,0.0820,-2.1503,-1.0987,0.3424,-0.1140,0.0000,-0.0285
3787.2874,1,0.2020,-2.4710,0.0820,-2.1503,-1.0987,0.3424,-0.1140,0.0000,-0.0285
3787.3041,1,0.2020,-2.4710,0.0820,-2.1503,-1.0987,0.3424,-0.1140,0.0000,-0.0285
3787.3208,1,0.2020,-2.4710,0.0820,-2.1503,-1.0987,0.3424,-0.1140,0.0000,-0.0285
3787.3375,1,0.2020,-2.4710,0.0820,-2.1503,-1.0987,0.3424,-0.1140,0.0000,-0.0285
3787.3542,1,0.2020,-2.4710,0.0820,-2.1503,-1.0987,0.3424,-0.1140,0.0000,-0.0285
3787.3709,1,0.2020,-2.4710,0.0820,-2.1503,-1.0987,0.3424,-0.1140,0.0000,-0.0285
3787.3875,1,0.2020,-2.4710,0.0820,-2.1503,-1.0987,0.3424,-0.1140,0.0000,-0.0285
3787.4042,1,0.2020,-2.4710,0.0820,-2.1503,-1.0987,0.3424,-0.1140,0.0000,-0.0285
3787.4208,1,0.2020,-2.4710,0.0820,-2.1503,-1.0987,0.3424,-0.1140,0.0000,-0.0285
3787.4375,1,0.2020,-2.4710,0.0820,-2.1503,-1.0987,0.3424,-0.1140,0.0000,-0.0285
3787.4542,1,0.2020,-2.4710,0.0820,-2.1503,-1.0987,0.3424,-0.1140,0.0000,-0.0285
3787.4708,1,0.2020,-2.4710,0.0820,-2.1503,-1.0987,0.3424,-0.1140,0.0000,-0.0285
3787.4876,1,0.2020,-2.4710,0.0820,-2.1503,-1.0987,0.3424,-0.1140,0.0000,-0.0285
3787.5042,1,0.2020,-2.4710,0.0820,-2.1503,-1.0987,0.3424,-0.1140,0.0000,-0.0285
3787.5208,1,0.2020,-2.4710,0.0820,-2.1503,-1.0987,0.3424,-0.1140,0.0000,-0.0285
3787.5375,1,0.2020,-2.4710,0.0820,-2.1503,-1.0987,0.3424,-0.1140,0.0000,-0.0285
3787.5542,1,0.2020,-2.4710,0.0820,-2.1503,-1.0987,0.3424,-0.1140,0.0000,-0.0285
3787.5709,1,0.2020,-2.4710,0.0820,-2.1503,-1.0987,0.3424,-0.1140,0.0000,-0.0285
3787.5875,1,0.2020,-2.4710,0.0820,-2.1503,-1.0987,0.3424,-0.1140,0.0000,-0.0285
3787.6041,1,0.2020,-2.4710,0.0820,-2.1503,-1.0987,0.3424,-0.1140,0.0000,-0.0285
3787.6208,1,0.2020,-2.4710,0.0820,-2.1503,-1.0987,0.3424,-0.1140,0.0000,-0.0285
3787.6375,1,0.2020,-2.4710,0.0820,-2.1503,-1.0987,0.3424,-0.1140,0.0000,-0.0285
3787.6542,1,0.2020,-2.4710,0.0820,-2.1503,-1.0987,0.3424,-0.1140,0.0000,-0.0285
3787.6709,1,0.2020,-2.4710,0.0820,-2.1503,-1.0987,0.3424,-0.1140,0.0000,-0.0285
3787.6875,1,0.2020,-2.4710,0.0820,-2.1503,-1.0987,0.3424,-0.1140,0.0000,-0.0285
3787.7041,1,0.2020,-2.4710,0.0820,-2.1503,-1.0987,0.3424,-0.1140,0.0000,-0.0285
3787.7208,1,0.2020,-2.4710,0.0820,-2.1503,-1.0987,0.3424,-0.1140,0.0000,-0.0285
3787.7374,1,0.2020,-2.4710,0.0820,-2.1503,-1.0987,0.3424,-0.1140,0.0000,-0.0285
3787.7542,1,0.2020,-2.4710,0.0820,-2.1503,-1.0987,0.3424,-0.1140,0.0000,-0.0285
3787.7709,1,0.2020,-2.4710,0.0820,-2.1503,-1.0987,0.3424,-0.1140,0.0000,-0.0285
3787.7875,1,0.2020,-2.4710,0.0820,-2.1503,-1.0987,0.3424,-0.1140,0.0000,-0.0285
3787.8042,1,0.2020,-2.4710,0.0820,-2.1503,-1.0987,0.3424,-0.1140,0.0000,-0.0285
3787.8208,1,0.2020,-2.4710,0.0820,-2.1503,-1.0987,0.3424,-0.1140,0.0000,-0.0285
3787.8375,1,0.2020,-2.4710,0.0820,-2.1503,-1.0987,0.3424,-0.1140,0.0000,-0.0285
3787.8542,1,0.2020,-2.4710,0.0820,-2.1503,-1.0987,0.3424,-0.1140,0.0000,-0.0285
3787.8708,1,0.2020,-2.4710,0.0820,-2.1503,-1.0987,0.3424,-0.1140,0.0000,-0.0285
3787.8875,1,0.2020,-2.4710,0.0820,-2.1503,-1.0987,0.3424,-0.1140,0.0000,-0.0285
3787.9041,1,0.2020,-2.4710,0.0820,-2.1503,-1.0987,0.3424,-0.1140,0.0000,-0.0285
3787.9209,1,0.2020,-2.4710,0.0820,-2.1503,-1.0987,0.3424,-0.1140,0.0000,-0.0285
3787.9376,1,0.2020,-2.4710,0.0820,-2.1503,-1.0987,0.3424,-0.1140,0.0000,-0.0285
3787.9542,1,0.2020,-2.4710,0.0820,-2.1503,-1.0987,0.3424,-0.1140,0.0000,-0.0285
3787.9709,1,0.2020,-2.4710,0.0820,-2.1503,-1.0987,0.3424,-0.1140,0.0000,-0.0285
3787.9875,1,0.2020,-2.4710,0.0820,-2.1503,-1.0987,0.3424,-0.1140,0.0000,-0.0285
3788.0041,1,0.2020,-2.4710,0.0820,-2.1503,-1.0987,0.3424,-0.1140,0.0000,-0.0285
3788.0208,1,0.2020,-2.4710,0.0820,-2.1503,-1.0987,0.3424,-0.1140,0.0000,-0.0285
3788.0375,1,0.2020,-2.4710,0.0820,-2.1503,-1.0987,0.3424,-0.1140,0.0000,-0.0285
3788.0542,1,0.2020,-2.4710,0.0820,-2.1503,-1.0987,0.3424,-0.1140,0.0000,-0.0285
3788.0707,1,0.2020,-2.4710,0.0820,-2.1503,-1.0987,0.3424,-0.1140,0.0000,-0.0285
3788.0874,1,0.2020,-2.4710,0.0820,-2.1503,-1.0987,0.3424,-0.1140,0.0000,-0.0285
3788.1041,1,0.2020,-2.4710,0.0820,-2.1503,-1.0987,0.3424,-0.1140,0.0000,-0.0285
3788.1208,1,0.2020,-2.4710,0.0820,-2.1503,-1.0987,0.3424,-0.1140,0.0000,-0.0285
3788.1375,1,0.2020,-2.4710,0.0820,-2.1503,-1.0987,0.3424,-0.1140,0.0000,-0.0285
3788.1542,1,0.2020,-2.4710,0.0820,-2.1503,-1.0987,0.3424,-0.1140,0.0000,-0.0285
3788.1709,1,0.2020,-2.4710,0.0820,-2.1503,-1.0987,0.3424,-0.1140,0.0000,-0.0285
3788.1875,1,0.2020,-2.4710,0.0820,-2.1503,-1.0987,0.3424,-0.1140,0.0000,-0.0285
3788.2041,1,0.2020,-2.4710,0.0820,-2.1503,-1.0987,0.3424,-0.1140,0.0000,-0.0285
3788.2207,1,0.2020,-2.4710,0.0820,-2.1503,-1.0987,0.3424,-0.1140,0.0000,-0.0285
3788.2375,1,0.2020,-2.4710,0.0820,-2.1503,-1.0987,0.3424,-0.1140,0.0000,-0.0285
3788.2542,1,0.2020,-2.4710,0.0820,-2.1503,-1.0987,0.3424,-0.1140,0.0000,-0.0285
3788.2708,1,0.2020,-2.4710,0.0820,-2.1503,-1.0987,0.3424,-0.1140,0.0000,-0.0285
3788.2874,1,0.2020,-2.4710,0.0820,-2.1503,-1.0987,0.3424,-0.1140,0.0000,-0.0285
3788.3041,1,0.2020,-2.4710,0.0820,-2.1503,-1.0987,0.3424,-0.1140,0.0000,-0.0285
3788.3208,1,0.2020,-2.4710,0.0820,-2.1503,-1.0987,0.3424,-0.1140,0.0000,-0.0285
3788.3375,1,0.2020,-2.4710,0.0820,-2.1503,-1.0987,0.3424,-0.1140,0.0000,-0.0285
3788.3541,1,0.2020,-2.4710,0.0820,-2.1503,-1.0987,0.3424,-0.1140,0.0000,-0.0285
3788.3709,1,0.2020,-2.4710,0.0820,-2.1503,-1.0987,0.3424,-0.1140,0.0000,-0.0285
3788.3875,1,0.2020,-2.4710,0.0820,-2.1503,-1.0987,0.3424,-0.1140,0.0000,-0.0285
3788.4041,1,0.2020,-2.4710,0.0820,-2.1503,-1.0987,0.3424,-0.1140,0.0000,-0.0285
3788.4208,1,0.2020,-2.4710,0.0820,-2.1503,-1.0987,0.3424,-0.1140,0.0000,-0.0285
3788.4375,1,0.2020,-2.4710,0.0820,-2.1503,-1.0987,0.3424,-0.1140,0.0000,-0.0285
3788.4541,1,0.2020,-2.4710,0.0820,-2.1503,-1.0987,0.3424,-0.1140,0.0000,-0.0285
3788.4707,1,0.2020,-2.4710,0.0820,-2.1503,-1.0987,0.3424,-0.1140,0.0000,-0.0285
3788.4874,1,0.2020,-2.4710,0.0820,-2.1503,-1.0987,0.3424,-0.1140,0.0000,-0.0285
3788.5042,1,0.2020,-2.4710,0.0820,-2.1503,-1.0987,0.3424,-0.1140,0.0000,-0.0285
3788.5209,1,0.2020,-2.4710,0.0820,-2.1503,-1.0987,0.3424,-0.1140,0.0000,-0.0285
3788.5375,1,0.2020,-2.4710,0.0820,-2.1503,-1.0987,0.3424,-0.1140,0.0000,-0.0285
3788.5542,1,0.2020,-2.4710,0.0820,-2.1503,-1.0987,0.3424,-0.1140,0.0000,-0.0285
3788.5709,1,0.2020,-2.4710,0.0820,-2.1503,-1.0987,0.3424,-0.1140,0.0000,-0.0285
3788.5879,1,0.2020,-2.4710,0.0820,-2.1503,-1.0987,0.3424,-0.1140,0.0000,-0.0285
3788.6041,1,0.2020,-2.4710,0.0820,-2.1503,-1.0987,0.3424,-0.1140,0.0000,-0.0285
3788.6208,1,0.2020,-2.4710,0.0820,-2.1503,-1.0987,0.3424,-0.1140,0.0000,-0.0285
3788.6374,1,0.2020,-2.4710,0.0820,-2.1503,-1.0987,0.3424,-0.1140,0.0000,-0.0285
3788.6542,1,0.2020,-2.4710,0.0820,-2.1503,-1.0987,0.3424,-0.1140,0.0000,-0.0285
3788.6708,1,0.2020,-2.4710,0.0820,-2.1503,-1.0987,0.3424,-0.1140,0.0000,-0.0285
3788.6875,1,0.2020,-2.4710,0.0820,-2.1503,-1.0987,0.3424,-0.1140,0.0000,-0.0285
3788.7041,1,0.2020,-2.4710,0.0820,-2.1503,-1.0987,0.3424,-0.1140,0.0000,-0.0285
3788.7208,1,0.2020,-2.4710,0.0820,-2.1503,-1.0987,0.3424,-0.1140,0.0000,-0.0285
3788.7374,1,0.2020,-2.4710,0.0820,-2.1503,-1.0987,0.3424,-0.1140,0.0000,-0.0285
3788.7541,1,0.2020,-2.4710,0.0820,-2.1503,-1.0987,0.3424,-0.1140,0.0000,-0.0285
3788.7710,1,0.2020,-2.4710,0.0820,-2.1503,-1.0987,0.3424,-0.1140,0.0000,-0.0285
3788.7876,1,0.2020,-2.4710,0.0820,-2.1503,-1.0987,0.3424,-0.1140,0.0000,-0.0285
3788.8041,1,0.2020,-2.4710,0.0820,-2.1503,-1.0987,0.3424,-0.1140,0.0000,-0.0285
3788.8208,1,0.2020,-2.4710,0.0820,-2.1503,-1.0987,0.3424,-0.1140,0.0000,-0.0285
3788.8375,1,0.2020,-2.4710,0.0820,-2.1503,-1.0987,0.3424,-0.1140,0.0000,-0.0285
3788.8541,1,0.2020,-2.4710,0.0820,-2.1503,-1.0987,0.3424,-0.1140,0.0000,-0.0285
3788.8708,1,0.2020,-2.4710,0.0820,-2.1503,-1.0987,0.3424,-0.1140,0.0000,-0.0285
3788.8875,1,0.2020,-2.4710,0.0820,-2.1503,-1.0987,0.3424,-0.1140,0.0000,-0.0285
3788.9041,1,0.2020,-2.4710,0.0820,-2.1503,-1.0987,0.3424,-0.1140,0.0000,-0.0285
3788.9208,1,0.2020,-2.4710,0.0820,-2.1503,-1.0987,0.3424,-0.1140,0.0000,-0.0285
3788.9375,1,0.2020,-2.4710,0.0820,-2.1503,-1.0987,0.3424,-0.1140,0.0000,-0.0285
3788.9541,1,0.2020,-2.4710,0.0820,-2.1503,-1.0987,0.3424,-0.1140,0.0000,-0.0285
3788.9709,1,0.2020,-2.4710,0.0820,-2.1503,-1.0987,0.3424,-0.1140,0.0000,-0.0285
3788.9875,1,0.2020,-2.4710,0.0820,-2.1503,-1.0987,0.3424,-0.1140,0.0000,-0.0285
3789.0041,1,0.2020,-2.4710,0.0820,-2.1503,-1.0987,0.3424,-0.1140,0.0000,-0.0285
3789.0209,1,0.2020,-2.4710,0.0820,-2.1503,-1.0987,0.3424,-0.1140,0.0000,-0.0285
3789.0375,1,0.2020,-2.4710,0.0820,-2.1503,-1.0987,0.3424,-0.1140,0.0000,-0.0285
3789.0542,1,0.2020,-2.4710,0.0820,-2.1503,-1.0987,0.3424,-0.1140,0.0000,-0.0285
3789.0709,1,0.2020,-2.4710,0.0820,-2.1503,-1.0987,0.3424,-0.1140,0.0000,-0.0285
3789.0875,1,0.2020,-2.4710,0.0820,-2.1503,-1.0987,0.3424,-0.1140,0.0000,-0.0285
3789.1042,1,0.2020,-2.4710,0.0820,-2.1503,-1.0987,0.3424,-0.1140,0.0000,-0.0285
3789.1208,1,0.2020,-2.4710,0.0820,-2.1503,-1.0987,0.3424,-0.1140,0.0000,-0.0285
3789.1375,1,0.2020,-2.4710,0.0820,-2.1503,-1.0987,0.3424,-0.1140,0.0000,-0.0285
3789.1542,1,0.2020,-2.4710,0.0820,-2.1503,-1.0987,0.3424,-0.1140,0.0000,-0.0285
3789.1709,1,0.2020,-2.4710,0.0820,-2.1503,-1.0987,0.3424,-0.1140,0.0000,-0.0285
3789.1875,1,0.2020,-2.4710,0.0820,-2.1503,-1.0987,0.3424,-0.1140,0.0000,-0.0285
3789.2042,1,0.2020,-2.4710,0.0820,-2.1503,-1.0987,0.3424,-0.1140,0.0000,-0.0285
3789.2208,1,0.2020,-2.4710,0.0820,-2.1503,-1.0987,0.3424,-0.1140,0.0000,-0.0285
3789.2375,1,0.2020,-2.4710,0.0820,-2.1503,-1.0987,0.3424,-0.1140,0.0000,-0.0285
3789.2541,1,0.2020,-2.4710,0.0820,-2.1503,-1.0987,0.3424,-0.1140,0.0000,-0.0285
3789.2708,1,0.2020,-2.4710,0.0820,-2.1503,-1.0987,0.3424,-0.1140,0.0000,-0.0285
3789.2874,1,0.2020,-2.4710,0.0820,-2.1503,-1.0987,0.3424,-0.1140,0.0000,-0.0285
3789.3041,1,0.2020,-2.4710,0.0820,-2.1503,-1.0987,0.3424,-0.1140,0.0000,-0.0285
3789.3208,1,0.2020,-2.4710,0.0820,-2.1503,-1.0987,0.3424,-0.1140,0.0000,-0.0285
3789.3375,1,0.2020,-2.4710,0.0820,-2.1503,-1.0987,0.3424,-0.1140,0.0000,-0.0285
3789.3542,1,0.2020,-2.4710,0.0820,-2.1503,-1.0987,0.3424,-0.1140,0.0000,-0.0285
3789.3708,1,0.2020,-2.4710,0.0820,-2.1503,-1.0987,0.3424,-0.1140,0.0000,-0.0285
3789.3875,1,0.2020,-2.4710,0.0820,-2.1503,-1.0987,0.3424,-0.1140,0.0000,-0.0285
3789.4041,1,0.2020,-2.4710,0.0820,-2.1503,-1.0987,0.3424,-0.1140,0.0000,-0.0285
3789.4208,1,0.2020,-2.4710,0.0820,-2.1503,-1.0987,0.3424,-0.1140,0.0000,-0.0285
3789.4375,1,0.2020,-2.4710,0.0820,-2.1503,-1.0987,0.3424,-0.1140,0.0000,-0.0285
3789.4542,1,0.2020,-2.4710,0.0820,-2.1503,-1.0987,0.3424,-0.1140,0.0000,-0.0285
3789.4708,1,0.2020,-2.4710,0.0820,-2.1503,-1.0987,0.3424,-0.1140,0.0000,-0.0285
3789.4874,1,0.2020,-2.4710,0.0820,-2.1503,-1.0987,0.3424,-0.1140,0.0000,-0.0285
3789.5041,1,0.2020,-2.4710,0.0820,-2.1503,-1.0987,0.3424,-0.1140,0.0000,-0.0285
3789.5208,1,0.2020,-2.4710,0.0820,-2.1503,-1.0987,0.3424,-0.1140,0.0000,-0.0285
3789.5375,1,0.2020,-2.4710,0.0820,-2.1503,-1.0987,0.3424,-0.1140,0.0000,-0.0285
3789.5541,1,0.2020,-2.4710,0.0820,-2.1503,-1.0987,0.3424,-0.1140,0.0000,-0.0285
3789.5708,1,0.2020,-2.4710,0.0820,-2.1503,-1.0987,0.3424,-0.1140,0.0000,-0.0285
3789.5875,1,0.2020,-2.4710,0.0820,-2.1503,-1.0987,0.3424,-0.1140,0.0000,-0.0285
3789.6042,1,0.2020,-2.4710,0.0820,-2.1503,-1.0987,0.3424,-0.1140,0.0000,-0.0285
3789.6208,1,0.2020,-2.4710,0.0820,-2.1503,-1.0987,0.3424,-0.1140,0.0000,-0.0285
3789.6375,1,0.2020,-2.4710,0.0820,-2.1503,-1.0987,0.3424,-0.1140,0.0000,-0.0285
3789.6541,1,0.2020,-2.4710,0.0820,-2.1503,-1.0987,0.3424,-0.1140,0.0000,-0.0285
3789.6707,1,0.2020,-2.4710,0.0820,-2.1503,-1.0987,0.3424,-0.1140,0.0000,-0.0285
3789.6875,1,0.2020,-2.4710,0.0820,-2.1503,-1.0987,0.3424,-0.1140,0.0000,-0.0285
3789.7042,1,0.2020,-2.4710,0.0820,-2.1503,-1.0987,0.3424,-0.1140,0.0000,-0.0285
3789.7208,1,0.2020,-2.4710,0.0820,-2.1503,-1.0987,0.3424,-0.1140,0.0000,-0.0285
3789.7374,1,0.2020,-2.4710,0.0820,-2.1503,-1.0987,0.3424,-0.1140,0.0000,-0.0285
3789.7542,1,0.2020,-2.4710,0.0820,-2.1503,-1.0987,0.3424,-0.1140,0.0000,-0.0285
3789.7709,1,0.2020,-2.4710,0.0820,-2.1503,-1.0987,0.3424,-0.1140,0.0000,-0.0285
3789.7876,1,0.2020,-2.4710,0.0820,-2.1503,-1.0987,0.3424,-0.1140,0.0000,-0.0285
3789.8041,1,0.2020,-2.4710,0.0820,-2.1503,-1.0987,0.3424,-0.1140,0.0000,-0.0285
3789.8208,1,0.2020,-2.4710,0.0820,-2.1503,-1.0987,0.3424,-0.1140,0.0000,-0.0285
3789.8374,1,0.2020,-2.4710,0.0820,-2.1503,-1.0987,0.3424,-0.1140,0.0000,-0.0285
3789.8542,1,0.2020,-2.4710,0.0820,-2.1503,-1.0987,0.3424,-0.1140,0.0000,-0.0285
3789.8708,1,0.2020,-2.4710,0.0820,-2.1503,-1.0987,0.3424,-0.1140,0.0000,-0.0285
3789.8874,1,0.2020,-2.4710,0.0820,-2.1503,-1.0987,0.3424,-0.1140,0.0000,-0.0285
3789.9041,1,0.2020,-2.4710,0.0820,-2.1503,-1.0987,0.3424,-0.1140,0.0000,-0.0285
3789.9208,1,0.2020,-2.4710,0.0820,-2.1503,-1.0987,0.3424,-0.1140,0.0000,-0.0285
3789.9375,1,0.2020,-2.4710,0.0820,-2.1503,-1.0987,0.3424,-0.1140,0.0000,-0.0285
3789.9542,1,0.2020,-2.4710,0.0820,-2.1503,-1.0987,0.3424,-0.1140,0.0000,-0.0285
3789.9709,1,0.2020,-2.4710,0.0820,-2.1503,-1.0987,0.3424,-0.1140,0.0000,-0.0285
3789.9875,1,0.2020,-2.4710,0.0820,-2.1503,-1.0987,0.3424,-0.1140,0.0000,-0.0285
3790.0041,1,0.2020,-2.4710,0.0820,-2.1503,-1.0987,0.3424,-0.1140,0.0000,-0.0285
3790.0208,1,0.2020,-2.4710,0.0820,-2.1503,-1.0987,0.3424,-0.1140,0.0000,-0.0285
3790.0375,1,0.2020,-2.4710,0.0820,-2.1503,-1.0987,0.3424,-0.1140,0.0000,-0.0285
3790.0542,1,0.2020,-2.4710,0.0820,-2.1503,-1.0987,0.3424,-0.1140,0.0000,-0.0285
3790.0708,1,0.2020,-2.4710,0.0820,-2.1503,-1.0987,0.3424,-0.1140,0.0000,-0.0285
3790.0875,1,0.2020,-2.4710,0.0820,-2.1503,-1.0987,0.3424,-0.1140,0.0000,-0.0285
3790.1041,1,0.2020,-2.4710,0.0820,-2.1503,-1.0987,0.3424,-0.1140,0.0000,-0.0285
3790.1208,1,0.2020,-2.4710,0.0820,-2.1503,-1.0987,0.3424,-0.1140,0.0000,-0.0285
3790.1374,1,0.2020,-2.4710,0.0820,-2.1503,-1.0987,0.3424,-0.1140,0.0000,-0.0285
3790.1542,1,0.2020,-2.4710,0.0820,-2.1503,-1.0987,0.3424,-0.1140,0.0000,-0.0285
3790.1709,1,0.2020,-2.4710,0.0820,-2.1503,-1.0987,0.3424,-0.1140,0.0000,-0.0285
3790.1875,1,0.2020,-2.4710,0.0820,-2.1503,-1.0987,0.3424,-0.1140,0.0000,-0.0285
3790.2042,1,0.2020,-2.4710,0.0820,-2.1503,-1.0987,0.3424,-0.1140,0.0000,-0.0285
3790.2208,1,0.2020,-2.4710,0.0820,-2.1503,-1.0987,0.3424,-0.1140,0.0000,-0.0285
3790.2374,1,0.2020,-2.4710,0.0820,-2.1503,-1.0987,0.3424,-0.1140,0.0000,-0.0285
3790.2542,1,0.2020,-2.4710,0.0820,-2.1503,-1.0987,0.3424,-0.1140,0.0000,-0.0285
3790.2708,1,0.2020,-2.4710,0.0820,-2.1503,-1.0987,0.3424,-0.1140,0.0000,-0.0285
3790.2875,1,0.2020,-2.4710,0.0820,-2.1503,-1.0987,0.3424,-0.1140,0.0000,-0.0285
3790.3042,1,0.2020,-2.4710,0.0820,-2.1503,-1.0987,0.3424,-0.1140,0.0000,-0.0285
3790.3208,1,0.2020,-2.4710,0.0820,-2.1503,-1.0987,0.3424,-0.1140,0.0000,-0.0285
3790.3375,1,0.2020,-2.4710,0.0820,-2.1503,-1.0987,0.3424,-0.1140,0.0000,-0.0285
3790.3541,1,0.2020,-2.4710,0.0820,-2.1503,-1.0987,0.3424,-0.1140,0.0000,-0.0285
3790.3708,1,0.2020,-2.4710,0.0820,-2.1503,-1.0987,0.3424,-0.1140,0.0000,-0.0285
3790.3875,1,0.2020,-2.4710,0.0820,-2.1503,-1.0987,0.3424,-0.1140,0.0000,-0.0285
3790.4041,1,0.2020,-2.4710,0.0820,-2.1503,-1.0987,0.3424,-0.1140,0.0000,-0.0285
3790.4208,1,0.2020,-2.4710,0.0820,-2.1503,-1.0987,0.3424,-0.1140,0.0000,-0.0285
3790.4374,1,0.2020,-2.4710,0.0820,-2.1503,-1.0987,0.3424,-0.1140,0.0000,-0.0285
3790.4541,1,0.2020,-2.4710,0.0820,-2.1503,-1.0987,0.3424,-0.1140,0.0000,-0.0285
3790.4707,1,0.2020,-2.4710,0.0820,-2.1503,-1.0987,0.3424,-0.1140,0.0000,-0.0285
3790.4874,1,0.2020,-2.4710,0.0820,-2.1503,-1.0987,0.3424,-0.1140,0.0000,-0.0285
3790.5042,1,0.2020,-2.4710,0.0820,-2.1503,-1.0987,0.3424,-0.1140,0.0000,-0.0285
3790.5208,1,0.2020,-2.4710,0.0820,-2.1503,-1.0987,0.3424,-0.1140,0.0000,-0.0285
3790.5375,1,0.2020,-2.4710,0.0820,-2.1503,-1.0987,0.3424,-0.1140,0.0000,-0.0285
3790.5542,1,0.2020,-2.4710,0.0820,-2.1503,-1.0987,0.3424,-0.1140,0.0000,-0.0285
3790.5709,1,0.2020,-2.4710,0.0820,-2.1503,-1.0987,0.3424,-0.1140,0.0000,-0.0285
3790.5875,1,0.2020,-2.4710,0.0820,-2.1503,-1.0987,0.3424,-0.1140,0.0000,-0.0285
3790.6041,1,0.2020,-2.4710,0.0820,-2.1503,-1.0987,0.3424,-0.1140,0.0000,-0.0285
3790.6208,1,0.2020,-2.4710,0.0820,-2.1503,-1.0987,0.3424,-0.1140,0.0000,-0.0285
3790.6375,1,0.2020,-2.4710,0.0820,-2.1503,-1.0987,0.3424,-0.1140,0.0000,-0.0285
3790.6542,1,0.2020,-2.4710,0.0820,-2.1503,-1.0987,0.3424,-0.1140,0.0000,-0.0285
3790.6708,1,0.2020,-2.4710,0.0820,-2.1503,-1.0987,0.3424,-0.1140,0.0000,-0.0285
3790.6875,1,0.2020,-2.4710,0.0820,-2.1503,-1.0987,0.3424,-0.1140,0.0000,-0.0285
3790.7042,1,0.2020,-2.4710,0.0820,-2.1503,-1.0987,0.3424,-0.1140,0.0000,-0.0285
3790.7209,1,0.2020,-2.4710,0.0820,-2.1503,-1.0987,0.3424,-0.1140,0.0000,-0.0285
3790.7375,1,0.2020,-2.4710,0.0820,-2.1503,-1.0987,0.3424,-0.1140,0.0000,-0.0285
3790.7542,1,0.2020,-2.4710,0.0820,-2.1503,-1.0987,0.3424,-0.1140,0.0000,-0.0285
3790.7708,1,0.2020,-2.4710,0.0820,-2.1503,-1.0987,0.3424,-0.1140,0.0000,-0.0285
3790.7876,1,0.2020,-2.4710,0.0820,-2.1503,-1.0987,0.3424,-0.1140,0.0000,-0.0285
3790.8042,1,0.2020,-2.4710,0.0820,-2.1503,-1.0987,0.3424,-0.1140,0.0000,-0.0285
3790.8209,1,0.2020,-2.4710,0.0820,-2.1503,-1.0987,0.3424,-0.1140,0.0000,-0.0285
3790.8375,1,0.2020,-2.4710,0.0820,-2.1503,-1.0987,0.3424,-0.1140,0.0000,-0.0285
3790.8542,1,0.2020,-2.4710,0.0820,-2.1503,-1.0987,0.3424,-0.1140,0.0000,-0.0285
3790.8708,1,0.2020,-2.4710,0.0820,-2.1503,-1.0987,0.3424,-0.1140,0.0000,-0.0285
3790.8875,1,0.2020,-2.4710,0.0820,-2.1503,-1.0987,0.3424,-0.1140,0.0000,-0.0285
3790.9041,1,0.2020,-2.4710,0.0820,-2.1503,-1.0987,0.3424,-0.1140,0.0000,-0.0285
3790.9208,1,0.2020,-2.4710,0.0820,-2.1503,-1.0987,0.3424,-0.1140,0.0000,-0.0285
3790.9375,1,0.2020,-2.4710,0.0820,-2.1503,-1.0987,0.3424,-0.1140,0.0000,-0.0285
3790.9542,1,0.2020,-2.4710,0.0820,-2.1503,-1.0987,0.3424,-0.1140,0.0000,-0.0285
3790.9709,1,0.2020,-2.4710,0.0820,-2.1503,-1.0987,0.3424,-0.1140,0.0000,-0.0285
3790.9875,1,0.2020,-2.4710,0.0820,-2.1503,-1.0987,0.3424,-0.1140,0.0000,-0.0285
3791.0041,1,0.2020,-2.4710,0.0820,-2.1503,-1.0987,0.3424,-0.1140,0.0000,-0.0285
3791.0208,1,0.2020,-2.4710,0.0820,-2.1503,-1.0987,0.3424,-0.1140,0.0000,-0.0285
3791.0374,1,0.2020,-2.4710,0.0820,-2.1503,-1.0987,0.3424,-0.1140,0.0000,-0.0285
3791.0541,1,0.2020,-2.4710,0.0820,-2.1503,-1.0987,0.3424,-0.1140,0.0000,-0.0285
3791.0709,1,0.2020,-2.4710,0.0820,-2.1503,-1.0987,0.3424,-0.1140,0.0000,-0.0285
3791.0875,1,0.2020,-2.4710,0.0820,-2.1503,-1.0987,0.3424,-0.1140,0.0000,-0.0285
3791.1041,1,0.2020,-2.4710,0.0820,-2.1503,-1.0987,0.3424,-0.1140,0.0000,-0.0285
3791.1208,1,0.2020,-2.4710,0.0820,-2.1503,-1.0987,0.3424,-0.1140,0.0000,-0.0285
3791.1374,1,0.2020,-2.4710,0.0820,-2.1503,-1.0987,0.3424,-0.1140,0.0000,-0.0285
3791.1542,1,0.2020,-2.4710,0.0820,-2.1503,-1.0987,0.3424,-0.1140,0.0000,-0.0285
3791.1709,1,0.2020,-2.4710,0.0820,-2.1503,-1.0987,0.3424,-0.1140,0.0000,-0.0285
3791.1875,1,0.2020,-2.4710,0.0820,-2.1503,-1.0987,0.3424,-0.1140,0.0000,-0.0285
3791.2041,1,0.2020,-2.4710,0.0820,-2.1503,-1.0987,0.3424,-0.1140,0.0000,-0.0285
3791.2208,1,0.2020,-2.4710,0.0820,-2.1503,-1.0987,0.3424,-0.1140,0.0000,-0.0285
3791.2375,1,0.2020,-2.4710,0.0820,-2.1503,-1.0987,0.3424,-0.1140,0.0000,-0.0285
3791.2542,1,0.2020,-2.4710,0.0820,-2.1503,-1.0987,0.3424,-0.1140,0.0000,-0.0285
3791.2708,1,0.2020,-2.4710,0.0820,-2.1503,-1.0987,0.3424,-0.1140,0.0000,-0.0285
3791.2874,1,0.2020,-2.4710,0.0820,-2.1503,-1.0987,0.3424,-0.1140,0.0000,-0.0285
3791.3041,1,0.2020,-2.4710,0.0820,-2.1503,-1.0987,0.3424,-0.1140,0.0000,-0.0285
3791.3209,1,0.2020,-2.4710,0.0820,-2.1503,-1.0987,0.3424,-0.1140,0.0000,-0.0285
3791.3375,1,0.2020,-2.4710,0.0820,-2.1503,-1.0987,0.3424,-0.1140,0.0000,-0.0285
3791.3541,1,0.2020,-2.4710,0.0820,-2.1503,-1.0987,0.3424,-0.1140,0.0000,-0.0285
3791.3709,1,0.2020,-2.4710,0.0820,-2.1503,-1.0987,0.3424,-0.1140,0.0000,-0.0285
3791.3876,1,0.2020,-2.4710,0.0820,-2.1503,-1.0987,0.3424,-0.1140,0.0000,-0.0285
3791.4042,1,0.2020,-2.4710,0.0820,-2.1503,-1.0987,0.3424,-0.1140,0.0000,-0.0285
3791.4208,1,0.2020,-2.4710,0.0820,-2.1503,-1.0987,0.3424,-0.1140,0.0000,-0.0285
3791.4375,1,0.2020,-2.4710,0.0820,-2.1503,-1.0987,0.3424,-0.1140,0.0000,-0.0285
3791.4542,1,0.2020,-2.4710,0.0820,-2.1503,-1.0987,0.3424,-0.1140,0.0000,-0.0285
3791.4708,1,0.2020,-2.4710,0.0820,-2.1503,-1.0987,0.3424,-0.1140,0.0000,-0.0285
3791.4875,1,0.2020,-2.4710,0.0820,-2.1503,-1.0987,0.3424,-0.1140,0.0000,-0.0285
3791.5041,1,0.2020,-2.4710,0.0820,-2.1503,-1.0987,0.3424,-0.1140,0.0000,-0.0285
3791.5208,1,0.2020,-2.4710,0.0820,-2.1503,-1.0987,0.3424,-0.1140,0.0000,-0.0285
3791.5375,1,0.2020,-2.4710,0.0820,-2.1503,-1.0987,0.3424,-0.1140,0.0000,-0.0285
3791.5543,1,0.2020,-2.4710,0.0820,-2.1503,-1.0987,0.3424,-0.1140,0.0000,-0.0285
3791.5710,1,0.2020,-2.4710,0.0820,-2.1503,-1.0987,0.3424,-0.1140,0.0000,-0.0285
3791.5877,1,0.2020,-2.4710,0.0820,-2.1503,-1.0987,0.3424,-0.1140,0.0000,-0.0285
3791.6043,1,0.2020,-2.4710,0.0820,-2.1503,-1.0987,0.3424,-0.1140,0.0000,-0.0285
3791.6208,1,0.2020,-2.4710,0.0820,-2.1503,-1.0987,0.3424,-0.1140,0.0000,-0.0285
3791.6375,1,0.2020,-2.4710,0.0820,-2.1503,-1.0987,0.3424,-0.1140,0.0000,-0.0285
3791.6541,1,0.2020,-2.4710,0.0820,-2.1503,-1.0987,0.3424,-0.1140,0.0000,-0.0285
3791.6708,1,0.2020,-2.4710,0.0820,-2.1503,-1.0987,0.3424,-0.1140,0.0000,-0.0285
3791.6874,1,0.2020,-2.4710,0.0820,-2.1503,-1.0987,0.3424,-0.1140,0.0000,-0.0285
3791.7041,1,0.2020,-2.4710,0.0820,-2.1503,-1.0987,0.3424,-0.1140,0.0000,-0.0285
3791.7208,1,0.2020,-2.4710,0.0820,-2.1503,-1.0987,0.3424,-0.1140,0.0000,-0.0285
3791.7375,1,0.2020,-2.4710,0.0820,-2.1503,-1.0987,0.3424,-0.1140,0.0000,-0.0285
3791.7542,1,0.2020,-2.4710,0.0820,-2.1503,-1.0987,0.3424,-0.1140,0.0000,-0.0285
3791.7708,1,0.2020,-2.4710,0.0820,-2.1503,-1.0987,0.3424,-0.1140,0.0000,-0.0285
3791.7875,1,0.2020,-2.4710,0.0820,-2.1503,-1.0987,0.3424,-0.1140,0.0000,-0.0285
3791.8041,1,0.2020,-2.4710,0.0820,-2.1503,-1.0987,0.3424,-0.1140,0.0000,-0.0285
3791.8208,1,0.2020,-2.4710,0.0820,-2.1503,-1.0987,0.3424,-0.1140,0.0000,-0.0285
3791.8375,1,0.2020,-2.4710,0.0820,-2.1503,-1.0987,0.3424,-0.1140,0.0000,-0.0285
3791.8541,1,0.2020,-2.4710,0.0820,-2.1503,-1.0987,0.3424,-0.1140,0.0000,-0.0285
3791.8708,1,0.2020,-2.4710,0.0820,-2.1503,-1.0987,0.3424,-0.1140,0.0000,-0.0285
3791.8874,1,0.2020,-2.4710,0.0820,-2.1503,-1.0987,0.3424,-0.1140,0.0000,-0.0285
3791.9041,1,0.2020,-2.4710,0.0820,-2.1503,-1.0987,0.3424,-0.1140,0.0000,-0.0285
3791.9208,1,0.2020,-2.4710,0.0820,-2.1503,-1.0987,0.3424,-0.1140,0.0000,-0.0285
3791.9374,1,0.2020,-2.4710,0.0820,-2.1503,-1.0987,0.3424,-0.1140,0.0000,-0.0285
3791.9542,1,0.2020,-2.4710,0.0820,-2.1503,-1.0987,0.3424,-0.1140,0.0000,-0.0285
3791.9708,1,0.2020,-2.4710,0.0820,-2.1503,-1.0987,0.3424,-0.1140,0.0000,-0.0285
3791.9875,1,0.2020,-2.4710,0.0820,-2.1503,-1.0987,0.3424,-0.1140,0.0000,-0.0285
3792.0042,1,0.2020,-2.4710,0.0820,-2.1503,-1.0987,0.3424,-0.1140,0.0000,-0.0285
3792.0208,1,0.2020,-2.4710,0.0820,-2.1503,-1.0987,0.3424,-0.1140,0.0000,-0.0285
3792.0374,1,0.2020,-2.4710,0.0820,-2.1503,-1.0987,0.3424,-0.1140,0.0000,-0.0285
3792.0542,1,0.2020,-2.4710,0.0820,-2.1503,-1.0987,0.3424,-0.1140,0.0000,-0.0285
3792.0708,1,0.2020,-2.4710,0.0820,-2.1503,-1.0987,0.3424,-0.1140,0.0000,-0.0285
3792.0875,1,0.2020,-2.4710,0.0820,-2.1503,-1.0987,0.3424,-0.1140,0.0000,-0.0285
3792.1041,1,0.2020,-2.4710,0.0820,-2.1503,-1.0987,0.3424,-0.1140,0.0000,-0.0285
3792.1208,1,0.2020,-2.4710,0.0820,-2.1503,-1.0987,0.3424,-0.1140,0.0000,-0.0285
3792.1374,1,0.2020,-2.4710,0.0820,-2.1503,-1.0987,0.3424,-0.1140,0.0000,-0.0285
3792.1542,1,0.2020,-2.4710,0.0820,-2.1503,-1.0987,0.3424,-0.1140,0.0000,-0.0285
3792.1708,1,0.2020,-2.4710,0.0820,-2.1503,-1.0987,0.3424,-0.1140,0.0000,-0.0285
3792.1875,1,0.2020,-2.4710,0.0820,-2.1503,-1.0987,0.3424,-0.1140,0.0000,-0.0285
3792.2042,1,0.2020,-2.4710,0.0820,-2.1503,-1.0987,0.3424,-0.1140,0.0000,-0.0285
3792.2208,1,0.2020,-2.4710,0.0820,-2.1503,-1.0987,0.3424,-0.1140,0.0000,-0.0285
3792.2374,1,0.2020,-2.4710,0.0820,-2.1503,-1.0987,0.3424,-0.1140,0.0000,-0.0285
3792.2542,1,0.2020,-2.4710,0.0820,-2.1503,-1.0987,0.3424,-0.1140,0.0000,-0.0285
3792.2708,1,0.2020,-2.4710,0.0820,-2.1503,-1.0987,0.3424,-0.1140,0.0000,-0.0285
3792.2874,1,0.2020,-2.4710,0.0820,-2.1503,-1.0987,0.3424,-0.1140,0.0000,-0.0285
3792.3041,1,0.2020,-2.4710,0.0820,-2.1503,-1.0987,0.3424,-0.1140,0.0000,-0.0285
3792.3208,1,0.2020,-2.4710,0.0820,-2.1503,-1.0987,0.3424,-0.1140,0.0000,-0.0285
3792.3374,1,0.2020,-2.4710,0.0820,-2.1503,-1.0987,0.3424,-0.1140,0.0000,-0.0285
3792.3541,1,0.2020,-2.4710,0.0820,-2.1503,-1.0987,0.3424,-0.1140,0.0000,-0.0285
3792.3707,1,0.2020,-2.4710,0.0820,-2.1503,-1.0987,0.3424,-0.1140,0.0000,-0.0285
3792.3874,1,0.2020,-2.4710,0.0820,-2.1503,-1.0987,0.3424,-0.1140,0.0000,-0.0285
3792.4041,1,0.2020,-2.4710,0.0820,-2.1503,-1.0987,0.3424,-0.1140,0.0000,-0.0285
3792.4208,1,0.2020,-2.4710,0.0820,-2.1503,-1.0987,0.3424,-0.1140,0.0000,-0.0285
3792.4374,1,0.2020,-2.4710,0.0820,-2.1503,-1.0987,0.3424,-0.1140,0.0000,-0.0285
3792.4541,1,0.2020,-2.4710,0.0820,-2.1503,-1.0987,0.3424,-0.1140,0.0000,-0.0285
3792.4708,1,0.2020,-2.4710,0.0820,-2.1503,-1.0987,0.3424,-0.1140,0.0000,-0.0285
3792.4874,1,0.2020,-2.4710,0.0820,-2.1503,-1.0987,0.3424,-0.1140,0.0000,-0.0285
3792.5041,1,0.2020,-2.4710,0.0820,-2.1503,-1.0987,0.3424,-0.1140,0.0000,-0.0285
3792.5208,1,0.2020,-2.4710,0.0820,-2.1503,-1.0987,0.3424,-0.1140,0.0000,-0.0285
3792.5374,1,0.2020,-2.4710,0.0820,-2.1503,-1.0987,0.3424,-0.1140,0.0000,-0.0285
3792.5541,1,0.2020,-2.4710,0.0820,-2.1503,-1.0987,0.3424,-0.1140,0.0000,-0.0285
3792.5707,1,0.2020,-2.4710,0.0820,-2.1503,-1.0987,0.3424,-0.1140,0.0000,-0.0285
3792.5874,1,0.2020,-2.4710,0.0820,-2.1503,-1.0987,0.3424,-0.1140,0.0000,-0.0285
3792.6042,1,0.2020,-2.4710,0.0820,-2.1503,-1.0987,0.3424,-0.1140,0.0000,-0.0285
3792.6208,1,0.2020,-2.4710,0.0820,-2.1503,-1.0987,0.3424,-0.1140,0.0000,-0.0285
3792.6374,1,0.2020,-2.4710,0.0820,-2.1503,-1.0987,0.3424,-0.1140,0.0000,-0.0285
3792.6541,1,0.2020,-2.4710,0.0820,-2.1503,-1.0987,0.3424,-0.1140,0.0000,-0.0285
3792.6708,1,0.2020,-2.4710,0.0820,-2.1503,-1.0987,0.3424,-0.1140,0.0000,-0.0285
3792.6875,1,0.2020,-2.4710,0.0820,-2.1503,-1.0987,0.3424,-0.1140,0.0000,-0.0285
3792.7041,1,0.2020,-2.4710,0.0820,-2.1503,-1.0987,0.3424,-0.1140,0.0000,-0.0285
3792.7208,1,0.2020,-2.4710,0.0820,-2.1503,-1.0987,0.3424,-0.1140,0.0000,-0.0285
3792.7375,1,0.2020,-2.4710,0.0820,-2.1503,-1.0987,0.3424,-0.1140,0.0000,-0.0285
3792.7541,1,0.2020,-2.4710,0.0820,-2.1503,-1.0987,0.3424,-0.1140,0.0000,-0.0285
3792.7707,1,0.2020,-2.4710,0.0820,-2.1503,-1.0987,0.3424,-0.1140,0.0000,-0.0285
3792.7874,1,0.2020,-2.4710,0.0820,-2.1503,-1.0987,0.3424,-0.1140,0.0000,-0.0285
3792.8041,1,0.2020,-2.4710,0.0820,-2.1503,-1.0987,0.3424,-0.1140,0.0000,-0.0285
3792.8208,1,0.2020,-2.4710,0.0820,-2.1503,-1.0987,0.3424,-0.1140,0.0000,-0.0285
3792.8374,1,0.2020,-2.4710,0.0820,-2.1503,-1.0987,0.3424,-0.1140,0.0000,-0.0285
3792.8541,1,0.2020,-2.4710,0.0820,-2.1503,-1.0987,0.3424,-0.1140,0.0000,-0.0285
3792.8707,1,0.2020,-2.4710,0.0820,-2.1503,-1.0987,0.3424,-0.1140,0.0000,-0.0285
3792.8874,1,0.2020,-2.4710,0.0820,-2.1503,-1.0987,0.3424,-0.1140,0.0000,-0.0285
3792.9041,1,0.2020,-2.4710,0.0820,-2.1503,-1.0987,0.3424,-0.1140,0.0000,-0.0285
3792.9207,1,0.2020,-2.4710,0.0820,-2.1503,-1.0987,0.3424,-0.1140,0.0000,-0.0285
3792.9374,1,0.2020,-2.4710,0.0820,-2.1503,-1.0987,0.3424,-0.1140,0.0000,-0.0285
3792.9541,1,0.2020,-2.4710,0.0820,-2.1503,-1.0987,0.3424,-0.1140,0.0000,-0.0285
3792.9707,1,0.2020,-2.4710,0.0820,-2.1503,-1.0987,0.3424,-0.1140,0.0000,-0.0285
3792.9874,1,0.2020,-2.4710,0.0820,-2.1503,-1.0987,0.3424,-0.1140,0.0000,-0.0285
3793.0041,1,0.2020,-2.4710,0.0820,-2.1503,-1.0987,0.3424,-0.1140,0.0000,-0.0285
3793.0208,1,0.2020,-2.4710,0.0820,-2.1503,-1.0987,0.3424,-0.1140,0.0000,-0.0285
3793.0374,1,0.2020,-2.4710,0.0820,-2.1503,-1.0987,0.3424,-0.1140,0.0000,-0.0285
3793.0541,1,0.2020,-2.4710,0.0820,-2.1503,-1.0987,0.3424,-0.1140,0.0000,-0.0285
3793.0707,1,0.2020,-2.4710,0.0820,-2.1503,-1.0987,0.3424,-0.1140,0.0000,-0.0285
3793.0874,1,0.2020,-2.4710,0.0820,-2.1503,-1.0987,0.3424,-0.1140,0.0000,-0.0285
3793.1041,1,0.2020,-2.4710,0.0820,-2.1503,-1.0987,0.3424,-0.1140,0.0000,-0.0285
3793.1208,1,0.2020,-2.4710,0.0820,-2.1503,-1.0987,0.3424,-0.1140,0.0000,-0.0285
3793.1374,1,0.2020,-2.4710,0.0820,-2.1503,-1.0987,0.3424,-0.1140,0.0000,-0.0285
3793.1541,1,0.2020,-2.4710,0.0820,-2.1503,-1.0987,0.3424,-0.1140,0.0000,-0.0285
3793.1707,1,0.2020,-2.4710,0.0820,-2.1503,-1.0987,0.3424,-0.1140,0.0000,-0.0285
3793.1874,1,0.2020,-2.4710,0.0820,-2.1503,-1.0987,0.3424,-0.1140,0.0000,-0.0285
3793.2041,1,0.2020,-2.4710,0.0820,-2.1503,-1.0987,0.3424,-0.1140,0.0000,-0.0285
3793.2208,1,0.2020,-2.4710,0.0820,-2.1503,-1.0987,0.3424,-0.1140,0.0000,-0.0285
3793.2375,1,0.2020,-2.4710,0.0820,-2.1503,-1.0987,0.3424,-0.1140,0.0000,-0.0285
3793.2541,1,0.2020,-2.4710,0.0820,-2.1503,-1.0987,0.3424,-0.1140,0.0000,-0.0285
3793.2708,1,0.2020,-2.4710,0.0820,-2.1503,-1.0987,0.3424,-0.1140,0.0000,-0.0285
3793.2874,1,0.2020,-2.4710,0.0820,-2.1503,-1.0987,0.3424,-0.1140,0.0000,-0.0285
3793.3041,1,0.2020,-2.4710,0.0820,-2.1503,-1.0987,0.3424,-0.1140,0.0000,-0.0285
3793.3208,1,0.2020,-2.4710,0.0820,-2.1503,-1.0987,0.3424,-0.1140,0.0000,-0.0285
3793.3374,1,0.2020,-2.4710,0.0820,-2.1503,-1.0987,0.3424,-0.1140,0.0000,-0.0285
3793.3541,1,0.2020,-2.4710,0.0820,-2.1503,-1.0987,0.3424,-0.1140,0.0000,-0.0285
3793.3707,1,0.2020,-2.4710,0.0820,-2.1503,-1.0987,0.3424,-0.1140,0.0000,-0.0285
3793.3874,1,0.2020,-2.4710,0.0820,-2.1503,-1.0987,0.3424,-0.1140,0.0000,-0.0285
3793.4041,1,0.2020,-2.4710,0.0820,-2.1503,-1.0987,0.3424,-0.1140,0.0000,-0.0285
3793.4208,1,0.2020,-2.4710,0.0820,-2.1503,-1.0987,0.3424,-0.1140,0.0000,-0.0285
3793.4374,1,0.2020,-2.4710,0.0820,-2.1503,-1.0987,0.3424,-0.1140,0.0000,-0.0285
3793.4541,1,0.2020,-2.4710,0.0820,-2.1503,-1.0987,0.3424,-0.1140,0.0000,-0.0285
3793.4708,1,0.2020,-2.4710,0.0820,-2.1503,-1.0987,0.3424,-0.1140,0.0000,-0.0285
3793.4875,1,0.2020,-2.4710,0.0820,-2.1503,-1.0987,0.3424,-0.1140,0.0000,-0.0285
3793.5041,1,0.2020,-2.4710,0.0820,-2.1503,-1.0987,0.3424,-0.1140,0.0000,-0.0285
3793.5208,1,0.2020,-2.4710,0.0820,-2.1503,-1.0987,0.3424,-0.1140,0.0000,-0.0285
3793.5374,1,0.2020,-2.4710,0.0820,-2.1503,-1.0987,0.3424,-0.1140,0.0000,-0.0285
3793.5541,1,0.2020,-2.4710,0.0820,-2.1503,-1.0987,0.3424,-0.1140,0.0000,-0.0285
3793.5707,1,0.2020,-2.4710,0.0820,-2.1503,-1.0987,0.3424,-0.1140,0.0000,-0.0285
3793.5874,1,0.2020,-2.4710,0.0820,-2.1503,-1.0987,0.3424,-0.1140,0.0000,-0.0285
3793.6041,1,0.2020,-2.4710,0.0820,-2.1503,-1.0987,0.3424,-0.1140,0.0000,-0.0285
3793.6208,1,0.2020,-2.4710,0.0820,-2.1503,-1.0987,0.3424,-0.1140,0.0000,-0.0285
3793.6374,1,0.2020,-2.4710,0.0820,-2.1503,-1.0987,0.3424,-0.1140,0.0000,-0.0285
3793.6541,1,0.2020,-2.4710,0.0820,-2.1503,-1.0987,0.3424,-0.1140,0.0000,-0.0285
3793.6707,1,0.2020,-2.4710,0.0820,-2.1503,-1.0987,0.3424,-0.1140,0.0000,-0.0285
3793.6874,1,0.2020,-2.4710,0.0820,-2.1503,-1.0987,0.3424,-0.1140,0.0000,-0.0285
3793.7041,1,0.2020,-2.4710,0.0820,-2.1503,-1.0987,0.3424,-0.1140,0.0000,-0.0285
3793.7208,1,0.2020,-2.4710,0.0820,-2.1503,-1.0987,0.3424,-0.1140,0.0000,-0.0285
3793.7374,1,0.2020,-2.4710,0.0820,-2.1503,-1.0987,0.3424,-0.1140,0.0000,-0.0285
3793.7541,1,0.2020,-2.4710,0.0820,-2.1503,-1.0987,0.3424,-0.1140,0.0000,-0.0285
3793.7708,1,0.2020,-2.4710,0.0820,-2.1503,-1.0987,0.3424,-0.1140,0.0000,-0.0285
3793.7874,1,0.2020,-2.4710,0.0820,-2.1503,-1.0987,0.3424,-0.1140,0.0000,-0.0285
3793.8042,1,0.2020,-2.4710,0.0820,-2.1503,-1.0987,0.3424,-0.1140,0.0000,-0.0285
3793.8208,1,0.2020,-2.4710,0.0820,-2.1503,-1.0987,0.3424,-0.1140,0.0000,-0.0285
3793.8375,1,0.2020,-2.4710,0.0820,-2.1503,-1.0987,0.3424,-0.1140,0.0000,-0.0285
3793.8541,1,0.2020,-2.4710,0.0820,-2.1503,-1.0987,0.3424,-0.1140,0.0000,-0.0285
3793.8708,1,0.2020,-2.4710,0.0820,-2.1503,-1.0987,0.3424,-0.1140,0.0000,-0.0285
3793.8874,1,0.2020,-2.4710,0.0820,-2.1503,-1.0987,0.3424,-0.1140,0.0000,-0.0285
3793.9042,1,0.2020,-2.4710,0.0820,-2.1503,-1.0987,0.3424,-0.1140,0.0000,-0.0285
3793.9208,1,0.2020,-2.4710,0.0820,-2.1503,-1.0987,0.3424,-0.1140,0.0000,-0.0285
3793.9374,1,0.2020,-2.4710,0.0820,-2.1503,-1.0987,0.3424,-0.1140,0.0000,-0.0285
3793.9541,1,0.2020,-2.4710,0.0820,-2.1503,-1.0987,0.3424,-0.1140,0.0000,-0.0285
3793.9708,1,0.2020,-2.4710,0.0820,-2.1503,-1.0987,0.3424,-0.1140,0.0000,-0.0285
3793.9874,1,0.2020,-2.4710,0.0820,-2.1503,-1.0987,0.3424,-0.1140,0.0000,-0.0285
3794.0041,1,0.2020,-2.4710,0.0820,-2.1503,-1.0987,0.3424,-0.1140,0.0000,-0.0285
3794.0208,1,0.2020,-2.4710,0.0820,-2.1503,-1.0987,0.3424,-0.1140,0.0000,-0.0285
3794.0376,1,0.2020,-2.4710,0.0820,-2.1503,-1.0987,0.3424,-0.1140,0.0000,-0.0285
3794.0544,1,0.2020,-2.4710,0.0820,-2.1503,-1.0987,0.3424,-0.1140,0.0000,-0.0285
3794.0710,1,0.2020,-2.4710,0.0820,-2.1503,-1.0987,0.3424,-0.1140,0.0000,-0.0285
3794.0876,1,0.2020,-2.4710,0.0820,-2.1503,-1.0987,0.3424,-0.1140,0.0000,-0.0285
3794.1041,1,0.2020,-2.4710,0.0820,-2.1503,-1.0987,0.3424,-0.1140,0.0000,-0.0285
3794.1207,1,0.2020,-2.4710,0.0820,-2.1503,-1.0987,0.3424,-0.1140,0.0000,-0.0285
3794.1375,1,0.2020,-2.4710,0.0820,-2.1503,-1.0987,0.3424,-0.1140,0.0000,-0.0285
3794.1541,1,0.2020,-2.4710,0.0820,-2.1503,-1.0987,0.3424,-0.1140,0.0000,-0.0285
3794.1707,1,0.2020,-2.4710,0.0820,-2.1503,-1.0987,0.3424,-0.1140,0.0000,-0.0285
3794.1874,1,0.2020,-2.4710,0.0820,-2.1503,-1.0987,0.3424,-0.1140,0.0000,-0.0285
3794.2041,1,0.2020,-2.4710,0.0820,-2.1503,-1.0987,0.3424,-0.1140,0.0000,-0.0285
3794.2208,1,0.2020,-2.4710,0.0820,-2.1503,-1.0987,0.3424,-0.1140,0.0000,-0.0285
3794.2374,1,0.2020,-2.4710,0.0820,-2.1503,-1.0987,0.3424,-0.1140,0.0000,-0.0285
3794.2541,1,0.2020,-2.4710,0.0820,-2.1503,-1.0987,0.3424,-0.1140,0.0000,-0.0285
3794.2707,1,0.2020,-2.4710,0.0820,-2.1503,-1.0987,0.3424,-0.1140,0.0000,-0.0285
3794.2874,1,0.2020,-2.4710,0.0820,-2.1503,-1.0987,0.3424,-0.1140,0.0000,-0.0285
3794.3041,1,0.2020,-2.4710,0.0820,-2.1503,-1.0987,0.3424,-0.1140,0.0000,-0.0285
3794.3207,1,0.2020,-2.4710,0.0820,-2.1503,-1.0987,0.3424,-0.1140,0.0000,-0.0285
3794.3375,1,0.2020,-2.4710,0.0820,-2.1503,-1.0987,0.3424,-0.1140,0.0000,-0.0285
3794.3541,1,0.2020,-2.4710,0.0820,-2.1503,-1.0987,0.3424,-0.1140,0.0000,-0.0285
3794.3708,1,0.2020,-2.4710,0.0820,-2.1503,-1.0987,0.3424,-0.1140,0.0000,-0.0285
3794.3874,1,0.2020,-2.4710,0.0820,-2.1503,-1.0987,0.3424,-0.1140,0.0000,-0.0285
3794.4041,1,0.2020,-2.4710,0.0820,-2.1503,-1.0987,0.3424,-0.1140,0.0000,-0.0285
3794.4208,1,0.2020,-2.4710,0.0820,-2.1503,-1.0987,0.3424,-0.1140,0.0000,-0.0285
3794.4374,1,0.2020,-2.4710,0.0820,-2.1503,-1.0987,0.3424,-0.1140,0.0000,-0.0285
3794.4541,1,0.2020,-2.4710,0.0820,-2.1503,-1.0987,0.3424,-0.1140,0.0000,-0.0285
3794.4707,1,0.2020,-2.4710,0.0820,-2.1503,-1.0987,0.3424,-0.1140,0.0000,-0.0285
3794.4874,1,0.2020,-2.4710,0.0820,-2.1503,-1.0987,0.3424,-0.1140,0.0000,-0.0285
3794.5041,1,0.2020,-2.4710,0.0820,-2.1503,-1.0987,0.3424,-0.1140,0.0000,-0.0285
3794.5208,1,0.2020,-2.4710,0.0820,-2.1503,-1.0987,0.3424,-0.1140,0.0000,-0.0285
3794.5375,1,0.2020,-2.4710,0.0820,-2.1503,-1.0987,0.3424,-0.1140,0.0000,-0.0285
3794.5541,1,0.2020,-2.4710,0.0820,-2.1503,-1.0987,0.3424,-0.1140,0.0000,-0.0285
3794.5708,1,0.2020,-2.4710,0.0820,-2.1503,-1.0987,0.3424,-0.1140,0.0000,-0.0285
3794.5875,1,0.2020,-2.4710,0.0820,-2.1503,-1.0987,0.3424,-0.1140,0.0000,-0.0285
3794.6041,1,0.2020,-2.4710,0.0820,-2.1503,-1.0987,0.3424,-0.1140,0.0000,-0.0285
3794.6208,1,0.2020,-2.4710,0.0820,-2.1503,-1.0987,0.3424,-0.1140,0.0000,-0.0285
3794.6374,1,0.2020,-2.4710,0.0820,-2.1503,-1.0987,0.3424,-0.1140,0.0000,-0.0285
3794.6541,1,0.2020,-2.4710,0.0820,-2.1503,-1.0987,0.3424,-0.1140,0.0000,-0.0285
3794.6708,1,0.2020,-2.4710,0.0820,-2.1503,-1.0987,0.3424,-0.1140,0.0000,-0.0285
3794.6875,1,0.2020,-2.4710,0.0820,-2.1503,-1.0987,0.3424,-0.1140,0.0000,-0.0285
3794.7042,1,0.2020,-2.4710,0.0820,-2.1503,-1.0987,0.3424,-0.1140,0.0000,-0.0285
3794.7208,1,0.2020,-2.4710,0.0820,-2.1503,-1.0987,0.3424,-0.1140,0.0000,-0.0285
3794.7375,1,0.2020,-2.4710,0.0820,-2.1503,-1.0987,0.3424,-0.1140,0.0000,-0.0285
3794.7541,1,0.2020,-2.4710,0.0820,-2.1503,-1.0987,0.3424,-0.1140,0.0000,-0.0285
3794.7708,1,0.2020,-2.4710,0.0820,-2.1503,-1.0987,0.3424,-0.1140,0.0000,-0.0285
3794.7875,1,0.2020,-2.4710,0.0820,-2.1503,-1.0987,0.3424,-0.1140,0.0000,-0.0285
3794.8041,1,0.2020,-2.4710,0.0820,-2.1503,-1.0987,0.3424,-0.1140,0.0000,-0.0285
3794.8209,1,0.2020,-2.4710,0.0820,-2.1503,-1.0987,0.3424,-0.1140,0.0000,-0.0285
3794.8375,1,0.2020,-2.4710,0.0820,-2.1503,-1.0987,0.3424,-0.1140,0.0000,-0.0285
3794.8542,1,0.2020,-2.4710,0.0820,-2.1503,-1.0987,0.3424,-0.1140,0.0000,-0.0285
3794.8708,1,0.2020,-2.4710,0.0820,-2.1503,-1.0987,0.3424,-0.1140,0.0000,-0.0285
3794.8875,1,0.2020,-2.4710,0.0820,-2.1503,-1.0987,0.3424,-0.1140,0.0000,-0.0285
3794.9042,1,0.2020,-2.4710,0.0820,-2.1503,-1.0987,0.3424,-0.1140,0.0000,-0.0285
3794.9208,1,0.2020,-2.4710,0.0820,-2.1503,-1.0987,0.3424,-0.1140,0.0000,-0.0285
3794.9376,1,0.2020,-2.4710,0.0820,-2.1503,-1.0987,0.3424,-0.1140,0.0000,-0.0285
3794.9541,1,0.2020,-2.4710,0.0820,-2.1503,-1.0987,0.3424,-0.1140,0.0000,-0.0285
3794.9708,1,0.2020,-2.4710,0.0820,-2.1503,-1.0987,0.3424,-0.1140,0.0000,-0.0285
3794.9874,1,0.2020,-2.4710,0.0820,-2.1503,-1.0987,0.3424,-0.1140,0.0000,-0.0285
3795.0042,1,0.2020,-2.4710,0.0820,-2.1503,-1.0987,0.3424,-0.1140,0.0000,-0.0285
3795.0208,1,0.2020,-2.4710,0.0820,-2.1503,-1.0987,0.3424,-0.1140,0.0000,-0.0285
3795.0375,1,0.2020,-2.4710,0.0820,-2.1503,-1.0987,0.3424,-0.1140,0.0000,-0.0285
3795.0541,1,0.2020,-2.4710,0.0820,-2.1503,-1.0987,0.3424,-0.1140,0.0000,-0.0285
3795.0708,1,0.2020,-2.4710,0.0820,-2.1503,-1.0987,0.3424,-0.1140,0.0000,-0.0285
3795.0874,1,0.2020,-2.4710,0.0820,-2.1503,-1.0987,0.3424,-0.1140,0.0000,-0.0285
3795.1041,1,0.2020,-2.4710,0.0820,-2.1503,-1.0987,0.3424,-0.1140,0.0000,-0.0285
3795.1208,1,0.2020,-2.4710,0.0820,-2.1503,-1.0987,0.3424,-0.1140,0.0000,-0.0285
3795.1375,1,0.2020,-2.4710,0.0820,-2.1503,-1.0987,0.3424,-0.1140,0.0000,-0.0285
3795.1541,1,0.2020,-2.4710,0.0820,-2.1503,-1.0987,0.3424,-0.1140,0.0000,-0.0285
3795.1709,1,0.2020,-2.4710,0.0820,-2.1503,-1.0987,0.3424,-0.1140,0.0000,-0.0285
3795.1875,1,0.2020,-2.4710,0.0820,-2.1503,-1.0987,0.3424,-0.1140,0.0000,-0.0285
3795.2042,1,0.2020,-2.4710,0.0820,-2.1503,-1.0987,0.3424,-0.1140,0.0000,-0.0285
3795.2208,1,0.2020,-2.4710,0.0820,-2.1503,-1.0987,0.3424,-0.1140,0.0000,-0.0285
3795.2375,1,0.2020,-2.4710,0.0820,-2.1503,-1.0987,0.3424,-0.1140,0.0000,-0.0285
3795.2541,1,0.2020,-2.4710,0.0820,-2.1503,-1.0987,0.3424,-0.1140,0.0000,-0.0285
3795.2707,1,0.2020,-2.4710,0.0820,-2.1503,-1.0987,0.3424,-0.1140,0.0000,-0.0285
3795.2874,1,0.2020,-2.4710,0.0820,-2.1503,-1.0987,0.3424,-0.1140,0.0000,-0.0285
3795.3041,1,0.2020,-2.4710,0.0820,-2.1503,-1.0987,0.3424,-0.1140,0.0000,-0.0285
3795.3208,1,0.2020,-2.4710,0.0820,-2.1503,-1.0987,0.3424,-0.1140,0.0000,-0.0285
3795.3375,1,0.2020,-2.4710,0.0820,-2.1503,-1.0987,0.3424,-0.1140,0.0000,-0.0285
3795.3541,1,0.2020,-2.4710,0.0820,-2.1503,-1.0987,0.3424,-0.1140,0.0000,-0.0285
3795.3708,1,0.2020,-2.4710,0.0820,-2.1503,-1.0987,0.3424,-0.1140,0.0000,-0.0285
3795.3874,1,0.2020,-2.4710,0.0820,-2.1503,-1.0987,0.3424,-0.1140,0.0000,-0.0285
3795.4041,1,0.2020,-2.4710,0.0820,-2.1503,-1.0987,0.3424,-0.1140,0.0000,-0.0285
3795.4208,1,0.2020,-2.4710,0.0820,-2.1503,-1.0987,0.3424,-0.1140,0.0000,-0.0285
3795.4374,1,0.2020,-2.4710,0.0820,-2.1503,-1.0987,0.3424,-0.1140,0.0000,-0.0285
3795.4541,1,0.2020,-2.4710,0.0820,-2.1503,-1.0987,0.3424,-0.1140,0.0000,-0.0285
3795.4708,1,0.2020,-2.4710,0.0820,-2.1503,-1.0987,0.3424,-0.1140,0.0000,-0.0285
3795.4874,1,0.2020,-2.4710,0.0820,-2.1503,-1.0987,0.3424,-0.1140,0.0000,-0.0285
3795.5042,1,0.2020,-2.4710,0.0820,-2.1503,-1.0987,0.3424,-0.1140,0.0000,-0.0285
3795.5208,1,0.2020,-2.4710,0.0820,-2.1503,-1.0987,0.3424,-0.1140,0.0000,-0.0285
3795.5375,1,0.2020,-2.4710,0.0820,-2.1503,-1.0987,0.3424,-0.1140,0.0000,-0.0285
3795.5542,1,0.2020,-2.4710,0.0820,-2.1503,-1.0987,0.3424,-0.1140,0.0000,-0.0285
3795.5708,1,0.2020,-2.4710,0.0820,-2.1503,-1.0987,0.3424,-0.1140,0.0000,-0.0285
3795.5874,1,0.2020,-2.4710,0.0820,-2.1503,-1.0987,0.3424,-0.1140,0.0000,-0.0285
3795.6042,1,0.2020,-2.4710,0.0820,-2.1503,-1.0987,0.3424,-0.1140,0.0000,-0.0285
3795.6208,1,0.2020,-2.4710,0.0820,-2.1503,-1.0987,0.3424,-0.1140,0.0000,-0.0285
3795.6374,1,0.2020,-2.4710,0.0820,-2.1503,-1.0987,0.3424,-0.1140,0.0000,-0.0285
3795.6542,1,0.2020,-2.4710,0.0820,-2.1503,-1.0987,0.3424,-0.1140,0.0000,-0.0285
3795.6708,1,0.2020,-2.4710,0.0820,-2.1503,-1.0987,0.3424,-0.1140,0.0000,-0.0285
3795.6874,1,0.2020,-2.4710,0.0820,-2.1503,-1.0987,0.3424,-0.1140,0.0000,-0.0285
3795.7041,1,0.2020,-2.4710,0.0820,-2.1503,-1.0987,0.3424,-0.1140,0.0000,-0.0285
3795.7208,1,0.2020,-2.4710,0.0820,-2.1503,-1.0987,0.3424,-0.1140,0.0000,-0.0285
3795.7374,1,0.2020,-2.4710,0.0820,-2.1503,-1.0987,0.3424,-0.1140,0.0000,-0.0285
3795.7541,1,0.2020,-2.4710,0.0820,-2.1503,-1.0987,0.3424,-0.1140,0.0000,-0.0285
3795.7708,1,0.2020,-2.4710,0.0820,-2.1503,-1.0987,0.3424,-0.1140,0.0000,-0.0285
3795.7874,1,0.2020,-2.4710,0.0820,-2.1503,-1.0987,0.3424,-0.1140,0.0000,-0.0285
3795.8041,1,0.2020,-2.4710,0.0820,-2.1503,-1.0987,0.3424,-0.1140,0.0000,-0.0285
3795.8207,1,0.2020,-2.4710,0.0820,-2.1503,-1.0987,0.3424,-0.1140,0.0000,-0.0285
3795.8375,1,0.2020,-2.4710,0.0820,-2.1503,-1.0987,0.3424,-0.1140,0.0000,-0.0285
3795.8541,1,0.2020,-2.4710,0.0820,-2.1503,-1.0987,0.3424,-0.1140,0.0000,-0.0285
3795.8708,1,0.2020,-2.4710,0.0820,-2.1503,-1.0987,0.3424,-0.1140,0.0000,-0.0285
3795.8874,1,0.2020,-2.4710,0.0820,-2.1503,-1.0987,0.3424,-0.1140,0.0000,-0.0285
3795.9041,1,0.2020,-2.4710,0.0820,-2.1503,-1.0987,0.3424,-0.1140,0.0000,-0.0285
3795.9208,1,0.2020,-2.4710,0.0820,-2.1503,-1.0987,0.3424,-0.1140,0.0000,-0.0285
3795.9375,1,0.2020,-2.4710,0.0820,-2.1503,-1.0987,0.3424,-0.1140,0.0000,-0.0285
3795.9541,1,0.2020,-2.4710,0.0820,-2.1503,-1.0987,0.3424,-0.1140,0.0000,-0.0285
3795.9707,1,0.2020,-2.4710,0.0820,-2.1503,-1.0987,0.3424,-0.1140,0.0000,-0.0285
3795.9875,1,0.2020,-2.4710,0.0820,-2.1503,-1.0987,0.3424,-0.1140,0.0000,-0.0285
3796.0041,1,0.2020,-2.4710,0.0820,-2.1503,-1.0987,0.3424,-0.1140,0.0000,-0.0285
3796.0208,1,0.2020,-2.4710,0.0820,-2.1503,-1.0987,0.3424,-0.1140,0.0000,-0.0285
3796.0375,1,0.2020,-2.4710,0.0820,-2.1503,-1.0987,0.3424,-0.1140,0.0000,-0.0285
3796.0541,1,0.2020,-2.4710,0.0820,-2.1503,-1.0987,0.3424,-0.1140,0.0000,-0.0285
3796.0708,1,0.2020,-2.4710,0.0820,-2.1503,-1.0987,0.3424,-0.1140,0.0000,-0.0285
3796.0874,1,0.2020,-2.4710,0.0820,-2.1503,-1.0987,0.3424,-0.1140,0.0000,-0.0285
3796.1041,1,0.2020,-2.4710,0.0820,-2.1503,-1.0987,0.3424,-0.1140,0.0000,-0.0285
3796.1208,1,0.2020,-2.4710,0.0820,-2.1503,-1.0987,0.3424,-0.1140,0.0000,-0.0285
3796.1375,1,0.2020,-2.4710,0.0820,-2.1503,-1.0987,0.3424,-0.1140,0.0000,-0.0285
3796.1541,1,0.2020,-2.4710,0.0820,-2.1503,-1.0987,0.3424,-0.1140,0.0000,-0.0285
3796.1707,1,0.2020,-2.4710,0.0820,-2.1503,-1.0987,0.3424,-0.1140,0.0000,-0.0285
3796.1874,1,0.2020,-2.4710,0.0820,-2.1503,-1.0987,0.3424,-0.1140,0.0000,-0.0285
3796.2041,1,0.2020,-2.4710,0.0820,-2.1503,-1.0987,0.3424,-0.1140,0.0000,-0.0285
3796.2207,1,0.2020,-2.4710,0.0820,-2.1503,-1.0987,0.3424,-0.1140,0.0000,-0.0285
3796.2374,1,0.2020,-2.4710,0.0820,-2.1503,-1.0987,0.3424,-0.1140,0.0000,-0.0285
3796.2541,1,0.2020,-2.4710,0.0820,-2.1503,-1.0987,0.3424,-0.1140,0.0000,-0.0285
3796.2708,1,0.2020,-2.4710,0.0820,-2.1503,-1.0987,0.3424,-0.1140,0.0000,-0.0285
3796.2875,1,0.2020,-2.4710,0.0820,-2.1503,-1.0987,0.3424,-0.1140,0.0000,-0.0285
3796.3041,1,0.2020,-2.4710,0.0820,-2.1503,-1.0987,0.3424,-0.1140,0.0000,-0.0285
3796.3208,1,0.2020,-2.4710,0.0820,-2.1503,-1.0987,0.3424,-0.1140,0.0000,-0.0285
3796.3375,1,0.2020,-2.4710,0.0820,-2.1503,-1.0987,0.3424,-0.1140,0.0000,-0.0285
3796.3541,1,0.2020,-2.4710,0.0820,-2.1503,-1.0987,0.3424,-0.1140,0.0000,-0.0285
3796.3708,1,0.2020,-2.4710,0.0820,-2.1503,-1.0987,0.3424,-0.1140,0.0000,-0.0285
3796.3875,1,0.2020,-2.4710,0.0820,-2.1503,-1.0987,0.3424,-0.1140,0.0000,-0.0285
3796.4041,1,0.2020,-2.4710,0.0820,-2.1503,-1.0987,0.3424,-0.1140,0.0000,-0.0285
3796.4208,1,0.2020,-2.4710,0.0820,-2.1503,-1.0987,0.3424,-0.1140,0.0000,-0.0285
3796.4374,1,0.2020,-2.4710,0.0820,-2.1503,-1.0987,0.3424,-0.1140,0.0000,-0.0285
3796.4541,1,0.2020,-2.4710,0.0820,-2.1503,-1.0987,0.3424,-0.1140,0.0000,-0.0285
3796.4708,1,0.2020,-2.4710,0.0820,-2.1503,-1.0987,0.3424,-0.1140,0.0000,-0.0285
3796.4874,1,0.2020,-2.4710,0.0820,-2.1503,-1.0987,0.3424,-0.1140,0.0000,-0.0285
3796.5041,1,0.2020,-2.4710,0.0820,-2.1503,-1.0987,0.3424,-0.1140,0.0000,-0.0285
3796.5208,1,0.2020,-2.4710,0.0820,-2.1503,-1.0987,0.3424,-0.1140,0.0000,-0.0285
3796.5375,1,0.2020,-2.4710,0.0820,-2.1503,-1.0987,0.3424,-0.1140,0.0000,-0.0285
3796.5541,1,0.2020,-2.4710,0.0820,-2.1503,-1.0987,0.3424,-0.1140,0.0000,-0.0285
3796.5708,1,0.2020,-2.4710,0.0820,-2.1503,-1.0987,0.3424,-0.1140,0.0000,-0.0285
3796.5875,1,0.2020,-2.4710,0.0820,-2.1503,-1.0987,0.3424,-0.1140,0.0000,-0.0285
3796.6042,1,0.2020,-2.4710,0.0820,-2.1503,-1.0987,0.3424,-0.1140,0.0000,-0.0285
3796.6209,1,0.2020,-2.4710,0.0820,-2.1503,-1.0987,0.3424,-0.1140,0.0000,-0.0285
3796.6375,1,0.2020,-2.4710,0.0820,-2.1503,-1.0987,0.3424,-0.1140,0.0000,-0.0285
3796.6542,1,0.2020,-2.4710,0.0820,-2.1503,-1.0987,0.3424,-0.1140,0.0000,-0.0285
3796.6709,1,0.2020,-2.4710,0.0820,-2.1503,-1.0987,0.3424,-0.1140,0.0000,-0.0285
3796.6875,1,0.2020,-2.4710,0.0820,-2.1503,-1.0987,0.3424,-0.1140,0.0000,-0.0285
3796.7042,1,0.2020,-2.4710,0.0820,-2.1503,-1.0987,0.3424,-0.1140,0.0000,-0.0285
3796.7208,1,0.2020,-2.4710,0.0820,-2.1503,-1.0987,0.3424,-0.1140,0.0000,-0.0285
3796.7376,1,0.2020,-2.4710,0.0820,-2.1503,-1.0987,0.3424,-0.1140,0.0000,-0.0285
3796.7543,1,0.2020,-2.4710,0.0820,-2.1503,-1.0987,0.3424,-0.1140,0.0000,-0.0285
3796.7709,1,0.2020,-2.4710,0.0820,-2.1503,-1.0987,0.3424,-0.1140,0.0000,-0.0285
3796.7876,1,0.2020,-2.4710,0.0820,-2.1503,-1.0987,0.3424,-0.1140,0.0000,-0.0285
3796.8045,1,0.2020,-2.4710,0.0820,-2.1503,-1.0987,0.3424,-0.1140,0.0000,-0.0285
3796.8209,1,0.2020,-2.4710,0.0820,-2.1503,-1.0987,0.3424,-0.1140,0.0000,-0.0285
3796.8375,1,0.2020,-2.4710,0.0820,-2.1503,-1.0987,0.3424,-0.1140,0.0000,-0.0285
3796.8542,1,0.2020,-2.4710,0.0820,-2.1503,-1.0987,0.3424,-0.1140,0.0000,-0.0285
3796.8709,1,0.2020,-2.4710,0.0820,-2.1503,-1.0987,0.3424,-0.1140,0.0000,-0.0285
3796.8874,1,0.2020,-2.4710,0.0820,-2.1503,-1.0987,0.3424,-0.1140,0.0000,-0.0285
3796.9040,1,0.2020,-2.4710,0.0820,-2.1503,-1.0987,0.3424,-0.1140,0.0000,-0.0285
3796.9207,1,0.2020,-2.4710,0.0820,-2.1503,-1.0987,0.3424,-0.1140,0.0000,-0.0285
3796.9374,1,0.2020,-2.4710,0.0820,-2.1503,-1.0987,0.3424,-0.1140,0.0000,-0.0285
3796.9541,1,0.2020,-2.4710,0.0820,-2.1503,-1.0987,0.3424,-0.1140,0.0000,-0.0285
3796.9708,1,0.2020,-2.4710,0.0820,-2.1503,-1.0987,0.3424,-0.1140,0.0000,-0.0285
3796.9874,1,0.2020,-2.4710,0.0820,-2.1503,-1.0987,0.3424,-0.1140,0.0000,-0.0285
3797.0041,1,0.2020,-2.4710,0.0820,-2.1503,-1.0987,0.3424,-0.1140,0.0000,-0.0285
3797.0208,1,0.2020,-2.4710,0.0820,-2.1503,-1.0987,0.3424,-0.1140,0.0000,-0.0285
3797.0375,1,0.2020,-2.4710,0.0820,-2.1503,-1.0987,0.3424,-0.1140,0.0000,-0.0285
3797.0541,1,0.2020,-2.4710,0.0820,-2.1503,-1.0987,0.3424,-0.1140,0.0000,-0.0285
3797.0707,1,0.2020,-2.4710,0.0820,-2.1503,-1.0987,0.3424,-0.1140,0.0000,-0.0285
3797.0874,1,0.2020,-2.4710,0.0820,-2.1503,-1.0987,0.3424,-0.1140,0.0000,-0.0285
3797.1041,1,0.2020,-2.4710,0.0820,-2.1503,-1.0987,0.3424,-0.1140,0.0000,-0.0285
3797.1208,1,0.2020,-2.4710,0.0820,-2.1503,-1.0987,0.3424,-0.1140,0.0000,-0.0285
3797.1375,1,0.2020,-2.4710,0.0820,-2.1503,-1.0987,0.3424,-0.1140,0.0000,-0.0285
3797.1541,1,0.2020,-2.4710,0.0820,-2.1503,-1.0987,0.3424,-0.1140,0.0000,-0.0285
3797.1707,1,0.2020,-2.4710,0.0820,-2.1503,-1.0987,0.3424,-0.1140,0.0000,-0.0285
3797.1875,1,0.2020,-2.4710,0.0820,-2.1503,-1.0987,0.3424,-0.1140,0.0000,-0.0285
3797.2042,1,0.2020,-2.4710,0.0820,-2.1503,-1.0987,0.3424,-0.1140,0.0000,-0.0285
3797.2208,1,0.2020,-2.4710,0.0820,-2.1503,-1.0987,0.3424,-0.1140,0.0000,-0.0285
3797.2375,1,0.2020,-2.4710,0.0820,-2.1503,-1.0987,0.3424,-0.1140,0.0000,-0.0285
3797.2541,1,0.2020,-2.4710,0.0820,-2.1503,-1.0987,0.3424,-0.1140,0.0000,-0.0285
3797.2707,1,0.2020,-2.4710,0.0820,-2.1503,-1.0987,0.3424,-0.1140,0.0000,-0.0285
3797.2874,1,0.2020,-2.4710,0.0820,-2.1503,-1.0987,0.3424,-0.1140,0.0000,-0.0285
3797.3041,1,0.2020,-2.4710,0.0820,-2.1503,-1.0987,0.3424,-0.1140,0.0000,-0.0285
3797.3208,1,0.2020,-2.4710,0.0820,-2.1503,-1.0987,0.3424,-0.1140,0.0000,-0.0285
3797.3375,1,0.2020,-2.4710,0.0820,-2.1503,-1.0987,0.3424,-0.1140,0.0000,-0.0285
3797.3542,1,0.2020,-2.4710,0.0820,-2.1503,-1.0987,0.3424,-0.1140,0.0000,-0.0285
3797.3708,1,0.2020,-2.4710,0.0820,-2.1503,-1.0987,0.3424,-0.1140,0.0000,-0.0285
3797.3875,1,0.2020,-2.4710,0.0820,-2.1503,-1.0987,0.3424,-0.1140,0.0000,-0.0285
3797.4042,1,0.2020,-2.4710,0.0820,-2.1503,-1.0987,0.3424,-0.1140,0.0000,-0.0285
3797.4208,1,0.2020,-2.4710,0.0820,-2.1503,-1.0987,0.3424,-0.1140,0.0000,-0.0285
3797.4375,1,0.2020,-2.4710,0.0820,-2.1503,-1.0987,0.3424,-0.1140,0.0000,-0.0285
3797.4541,1,0.2020,-2.4710,0.0820,-2.1503,-1.0987,0.3424,-0.1140,0.0000,-0.0285
3797.4709,1,0.2020,-2.4710,0.0820,-2.1503,-1.0987,0.3424,-0.1140,0.0000,-0.0285
3797.4875,1,0.2020,-2.4710,0.0820,-2.1503,-1.0987,0.3424,-0.1140,0.0000,-0.0285
3797.5041,1,0.2020,-2.4710,0.0820,-2.1503,-1.0987,0.3424,-0.1140,0.0000,-0.0285
3797.5208,1,0.2020,-2.4710,0.0820,-2.1503,-1.0987,0.3424,-0.1140,0.0000,-0.0285
3797.5374,1,0.2020,-2.4710,0.0820,-2.1503,-1.0987,0.3424,-0.1140,0.0000,-0.0285
3797.5542,1,0.2020,-2.4710,0.0820,-2.1503,-1.0987,0.3424,-0.1140,0.0000,-0.0285
3797.5708,1,0.2020,-2.4710,0.0820,-2.1503,-1.0987,0.3424,-0.1140,0.0000,-0.0285
3797.5876,1,0.2020,-2.4710,0.0820,-2.1503,-1.0987,0.3424,-0.1140,0.0000,-0.0285
3797.6042,1,0.2020,-2.4710,0.0820,-2.1503,-1.0987,0.3424,-0.1140,0.0000,-0.0285
3797.6208,1,0.2020,-2.4710,0.0820,-2.1503,-1.0987,0.3424,-0.1140,0.0000,-0.0285
3797.6375,1,0.2020,-2.4710,0.0820,-2.1503,-1.0987,0.3424,-0.1140,0.0000,-0.0285
3797.6541,1,0.2020,-2.4710,0.0820,-2.1503,-1.0987,0.3424,-0.1140,0.0000,-0.0285
3797.6708,1,0.2020,-2.4710,0.0820,-2.1503,-1.0987,0.3424,-0.1140,0.0000,-0.0285
3797.6874,1,0.2020,-2.4710,0.0820,-2.1503,-1.0987,0.3424,-0.1140,0.0000,-0.0285
3797.7041,1,0.2020,-2.4710,0.0820,-2.1503,-1.0987,0.3424,-0.1140,0.0000,-0.0285
3797.7208,1,0.2020,-2.4710,0.0820,-2.1503,-1.0987,0.3424,-0.1140,0.0000,-0.0285
3797.7375,1,0.2020,-2.4710,0.0820,-2.1503,-1.0987,0.3424,-0.1140,0.0000,-0.0285
3797.7542,1,0.2020,-2.4710,0.0820,-2.1503,-1.0987,0.3424,-0.1140,0.0000,-0.0285
3797.7708,1,0.2020,-2.4710,0.0820,-2.1503,-1.0987,0.3424,-0.1140,0.0000,-0.0285
3797.7876,1,0.2020,-2.4710,0.0820,-2.1503,-1.0987,0.3424,-0.1140,0.0000,-0.0285
3797.8042,1,0.2020,-2.4710,0.0820,-2.1503,-1.0987,0.3424,-0.1140,0.0000,-0.0285
3797.8208,1,0.2020,-2.4710,0.0820,-2.1503,-1.0987,0.3424,-0.1140,0.0000,-0.0285
3797.8374,1,0.2020,-2.4710,0.0820,-2.1503,-1.0987,0.3424,-0.1140,0.0000,-0.0285
3797.8541,1,0.2020,-2.4710,0.0820,-2.1503,-1.0987,0.3424,-0.1140,0.0000,-0.0285
3797.8708,1,0.2020,-2.4710,0.0820,-2.1503,-1.0987,0.3424,-0.1140,0.0000,-0.0285
3797.8875,1,0.2020,-2.4710,0.0820,-2.1503,-1.0987,0.3424,-0.1140,0.0000,-0.0285
3797.9041,1,0.2020,-2.4710,0.0820,-2.1503,-1.0987,0.3424,-0.1140,0.0000,-0.0285
3797.9208,1,0.2020,-2.4710,0.0820,-2.1503,-1.0987,0.3424,-0.1140,0.0000,-0.0285
3797.9375,1,0.2020,-2.4710,0.0820,-2.1503,-1.0987,0.3424,-0.1140,0.0000,-0.0285
3797.9541,1,0.2020,-2.4710,0.0820,-2.1503,-1.0987,0.3424,-0.1140,0.0000,-0.0285
3797.9707,1,0.2020,-2.4710,0.0820,-2.1503,-1.0987,0.3424,-0.1140,0.0000,-0.0285
3797.9875,1,0.2020,-2.4710,0.0820,-2.1503,-1.0987,0.3424,-0.1140,0.0000,-0.0285
3798.0042,1,0.2020,-2.4710,0.0820,-2.1503,-1.0987,0.3424,-0.1140,0.0000,-0.0285
3798.0208,1,0.2020,-2.4710,0.0820,-2.1503,-1.0987,0.3424,-0.1140,0.0000,-0.0285
3798.0374,1,0.2020,-2.4710,0.0820,-2.1503,-1.0987,0.3424,-0.1140,0.0000,-0.0285
3798.0541,1,0.2020,-2.4710,0.0820,-2.1503,-1.0987,0.3424,-0.1140,0.0000,-0.0285
3798.0707,1,0.2020,-2.4710,0.0820,-2.1503,-1.0987,0.3424,-0.1140,0.0000,-0.0285
3798.0874,1,0.2020,-2.4710,0.0820,-2.1503,-1.0987,0.3424,-0.1140,0.0000,-0.0285
3798.1041,1,0.2020,-2.4710,0.0820,-2.1503,-1.0987,0.3424,-0.1140,0.0000,-0.0285
3798.1207,1,0.2020,-2.4710,0.0820,-2.1503,-1.0987,0.3424,-0.1140,0.0000,-0.0285
3798.1375,1,0.2020,-2.4710,0.0820,-2.1503,-1.0987,0.3424,-0.1140,0.0000,-0.0285
3798.1542,1,0.2020,-2.4710,0.0820,-2.1503,-1.0987,0.3424,-0.1140,0.0000,-0.0285
3798.1708,1,0.2020,-2.4710,0.0820,-2.1503,-1.0987,0.3424,-0.1140,0.0000,-0.0285
3798.1874,1,0.2020,-2.4710,0.0820,-2.1503,-1.0987,0.3424,-0.1140,0.0000,-0.0285
3798.2041,1,0.2020,-2.4710,0.0820,-2.1503,-1.0987,0.3424,-0.1140,0.0000,-0.0285
3798.2207,1,0.2020,-2.4710,0.0820,-2.1503,-1.0987,0.3424,-0.1140,0.0000,-0.0285
3798.2374,1,0.2020,-2.4710,0.0820,-2.1503,-1.0987,0.3424,-0.1140,0.0000,-0.0285
3798.2541,1,0.2020,-2.4710,0.0820,-2.1503,-1.0987,0.3424,-0.1140,0.0000,-0.0285
3798.2707,1,0.2020,-2.4710,0.0820,-2.1503,-1.0987,0.3424,-0.1140,0.0000,-0.0285
3798.2874,1,0.2020,-2.4710,0.0820,-2.1503,-1.0987,0.3424,-0.1140,0.0000,-0.0285
3798.3041,1,0.2020,-2.4710,0.0820,-2.1503,-1.0987,0.3424,-0.1140,0.0000,-0.0285
3798.3208,1,0.2020,-2.4710,0.0820,-2.1503,-1.0987,0.3424,-0.1140,0.0000,-0.0285
3798.3375,1,0.2020,-2.4710,0.0820,-2.1503,-1.0987,0.3424,-0.1140,0.0000,-0.0285
3798.3541,1,0.2020,-2.4710,0.0820,-2.1503,-1.0987,0.3424,-0.1140,0.0000,-0.0285
3798.3708,1,0.2020,-2.4710,0.0820,-2.1503,-1.0987,0.3424,-0.1140,0.0000,-0.0285
3798.3876,1,0.2020,-2.4710,0.0820,-2.1503,-1.0987,0.3424,-0.1140,0.0000,-0.0285
3798.4042,1,0.2020,-2.4710,0.0820,-2.1503,-1.0987,0.3424,-0.1140,0.0000,-0.0285
3798.4207,1,0.2020,-2.4710,0.0820,-2.1503,-1.0987,0.3424,-0.1140,0.0000,-0.0285
3798.4375,1,0.2020,-2.4710,0.0820,-2.1503,-1.0987,0.3424,-0.1140,0.0000,-0.0285
3798.4541,1,0.2020,-2.4710,0.0820,-2.1503,-1.0987,0.3424,-0.1140,0.0000,-0.0285
3798.4707,1,0.2020,-2.4710,0.0820,-2.1503,-1.0987,0.3424,-0.1140,0.0000,-0.0285
3798.4875,1,0.2020,-2.4710,0.0820,-2.1503,-1.0987,0.3424,-0.1140,0.0000,-0.0285
3798.5042,1,0.2020,-2.4710,0.0820,-2.1503,-1.0987,0.3424,-0.1140,0.0000,-0.0285
3798.5208,1,0.2020,-2.4710,0.0820,-2.1503,-1.0987,0.3424,-0.1140,0.0000,-0.0285
3798.5375,1,0.2020,-2.4710,0.0820,-2.1503,-1.0987,0.3424,-0.1140,0.0000,-0.0285
3798.5541,1,0.2020,-2.4710,0.0820,-2.1503,-1.0987,0.3424,-0.1140,0.0000,-0.0285
3798.5707,1,0.2020,-2.4710,0.0820,-2.1503,-1.0987,0.3424,-0.1140,0.0000,-0.0285
3798.5875,1,0.2020,-2.4710,0.0820,-2.1503,-1.0987,0.3424,-0.1140,0.0000,-0.0285
3798.6041,1,0.2020,-2.4710,0.0820,-2.1503,-1.0987,0.3424,-0.1140,0.0000,-0.0285
3798.6207,1,0.2020,-2.4710,0.0820,-2.1503,-1.0987,0.3424,-0.1140,0.0000,-0.0285
3798.6375,1,0.2020,-2.4710,0.0820,-2.1503,-1.0987,0.3424,-0.1140,0.0000,-0.0285
3798.6541,1,0.2020,-2.4710,0.0820,-2.1503,-1.0987,0.3424,-0.1140,0.0000,-0.0285
3798.6708,1,0.2020,-2.4710,0.0820,-2.1503,-1.0987,0.3424,-0.1140,0.0000,-0.0285
3798.6874,1,0.2020,-2.4710,0.0820,-2.1503,-1.0987,0.3424,-0.1140,0.0000,-0.0285
3798.7041,1,0.2020,-2.4710,0.0820,-2.1503,-1.0987,0.3424,-0.1140,0.0000,-0.0285
3798.7209,1,0.2020,-2.4710,0.0820,-2.1503,-1.0987,0.3424,-0.1140,0.0000,-0.0285
